URL,Title
http://semena.in.ua/,Semena.in.ua - професійне насіння
http://semena.in.ua/content/news/,Новости интернет-магазина
http://semena.in.ua/about/,Про компанію
http://semena.in.ua/catalog/?SECTION_ID=545,DLF trifolium
http://semena.in.ua/catalog/?SECTION_ID=498,Квіти
http://semena.in.ua/catalog/?SECTION_ID=500,Дворічники
http://semena.in.ua/catalog/?SECTION_ID=499,Однорічники
http://semena.in.ua/catalog/,Продукция
http://semena.in.ua/catalog/?SECTION_ID=476,Професійне вирощування
http://semena.in.ua/catalog/?SECTION_ID=501,Овочі
http://semena.in.ua/catalog/?SECTION_ID=544,Eurograss
http://semena.in.ua/catalog/?SECTION_ID=567,Бобові
http://semena.in.ua/catalog/?SECTION_ID=505,Буряк Столовий
http://semena.in.ua/catalog/?SECTION_ID=506,Гарбуз
http://semena.in.ua/catalog/?SECTION_ID=507,Диня
http://semena.in.ua/catalog/?SECTION_ID=508,Кабачок
http://semena.in.ua/catalog/?SECTION_ID=509,Капуста білоголова
http://semena.in.ua/catalog/?SECTION_ID=477,Газонні трави
http://semena.in.ua/catalog/?SECTION_ID=504,Кавун
http://semena.in.ua/catalog/?SECTION_ID=510,Капуста Пекінська
http://semena.in.ua/catalog/?SECTION_ID=511,Капуста цвітна
http://semena.in.ua/catalog/?SECTION_ID=502,Баклажан
http://semena.in.ua/catalog/?SECTION_ID=514,Морква
http://semena.in.ua/catalog/?SECTION_ID=515,Огірки
http://semena.in.ua/catalog/?SECTION_ID=516,Перець солодкий
http://semena.in.ua/catalog/?SECTION_ID=517,Петрушка кучерява
http://semena.in.ua/catalog/?SECTION_ID=518,Петрушка листова
http://semena.in.ua/catalog/?SECTION_ID=519,Редис
http://semena.in.ua/catalog/?SECTION_ID=569,Редька 
http://semena.in.ua/catalog/?SECTION_ID=566,Салат
http://semena.in.ua/catalog/?SECTION_ID=565,Селера коренева
http://semena.in.ua/catalog/?SECTION_ID=513,Кукурудза
http://semena.in.ua/catalog/?SECTION_ID=512,Капуста червоноголова
http://semena.in.ua/catalog/?SECTION_ID=524,Цибуля
http://semena.in.ua/catalog/?SECTION_ID=521,Цибуля на перо
http://semena.in.ua/catalog/?SECTION_ID=453,Присадибне вирощування
http://semena.in.ua/catalog/?SECTION_ID=605,Біопрепарати 
http://semena.in.ua/catalog/?SECTION_ID=541,Газонні трави
http://semena.in.ua/catalog/?SECTION_ID=543,DLF trifolium
http://semena.in.ua/catalog/?SECTION_ID=542,Eurograss
http://semena.in.ua/catalog/?SECTION_ID=523,Добрива
http://semena.in.ua/catalog/?SECTION_ID=454,Квіти
http://semena.in.ua/catalog/?SECTION_ID=455,Багаторічники
http://semena.in.ua/catalog/?SECTION_ID=456,Дворічники
http://semena.in.ua/catalog/?SECTION_ID=604,Квіткові суміші elite серія
http://semena.in.ua/catalog/?SECTION_ID=520,Томати
http://semena.in.ua/catalog/?SECTION_ID=522,Цибуля озима
http://semena.in.ua/catalog/?SECTION_ID=458,Овочі
http://semena.in.ua/catalog/?SECTION_ID=457,Кімнатні
http://semena.in.ua/catalog/?SECTION_ID=460,Баклажани
http://semena.in.ua/catalog/?SECTION_ID=473,Буряк
http://semena.in.ua/catalog/?SECTION_ID=475,Гарбузи
http://semena.in.ua/catalog/?SECTION_ID=553,Горох
http://semena.in.ua/catalog/?SECTION_ID=461,Динi
http://semena.in.ua/catalog/?SECTION_ID=459,Кавуни
http://semena.in.ua/catalog/?SECTION_ID=464,Капуста
http://semena.in.ua/catalog/?SECTION_ID=497,Однорічники
http://semena.in.ua/catalog/?SECTION_ID=465,Кукурудза
http://semena.in.ua/catalog/?SECTION_ID=467,Морква
http://semena.in.ua/catalog/?SECTION_ID=463,Кабачки
http://semena.in.ua/catalog/?SECTION_ID=468,Огiрки
http://semena.in.ua/catalog/?SECTION_ID=564,Патісони
http://semena.in.ua/catalog/?SECTION_ID=462,Пряні та зелені
http://semena.in.ua/catalog/?SECTION_ID=469,Перець
http://semena.in.ua/catalog/?SECTION_ID=470,Редис
http://semena.in.ua/catalog/?SECTION_ID=471,Редька
http://semena.in.ua/catalog/?SECTION_ID=472,Салати
http://semena.in.ua/catalog/?SECTION_ID=554,Квасоля
http://semena.in.ua/download/NovafloorSmall.pdf,
http://semena.in.ua/novaflore/,Nova-flore
http://semena.in.ua/catalog/?SECTION_ID=474,Томати
http://semena.in.ua/catalog/?SECTION_ID=466,Цибуля
http://semena.in.ua/novaflore/photo/,Фото
http://semena.in.ua/content/prices/,Прайсы
http://semena.in.ua/novaflore/shopping-stand/,Торговый стенд
http://semena.in.ua/novaflore/video/,Видео
http://semena.in.ua/content/partners/,Partnership
http://semena.in.ua/novaflore/technical-guide-for-flower-glades/,Технический путеводитель для цветочных полян
http://semena.in.ua/content/media/,Медіа
http://semena.in.ua/catalog/?SECTION_ID=515&ELEMENT_ID=2716,Арістократ F1
http://semena.in.ua/download/2012_LOW_RES.pdf,
http://semena.in.ua/content/contact/,Контакти
http://semena.in.ua/catalog/?SECTION_ID=552&ELEMENT_ID=2740,АФЕН F1
http://semena.in.ua/download/zakaz-12-2013.xls,
http://semena.in.ua/catalog/?SECTION_ID=468&ELEMENT_ID=3123,Аванс F1
http://semena.in.ua/catalog/?SECTION_ID=468&ELEMENT_ID=3188,Авелла F1
http://semena.in.ua/catalog/?SECTION_ID=468&ELEMENT_ID=3189,Баронет F1
http://semena.in.ua/content/news/121/3012/,Акція шалені літні знижки
http://semena.in.ua/content/news/121/2911/,"Фото із стенду  ТМ ""Професійне насіння"""
http://semena.in.ua/content/news/121/3114/,"Необычный семинар от  ТМ  ""Професіне насіння"""
http://semena.in.ua/content/dealer/,Дилери
http://semena.in.ua/content/news/121/2994/,«Фрукты. Овощи. Логистика 2012».
http://semena.in.ua/content/news/121/2902/,INTERBUDEXPO 2012
http://semena.in.ua/catalog/?SECTION_ID=480,Декоративний газон
http://semena.in.ua/catalog/?SECTION_ID=503,Конюшина
http://semena.in.ua/catalog/?SECTION_ID=479,Класичний газон
http://semena.in.ua/catalog/?SECTION_ID=478,Спортивний газон
http://semena.in.ua/catalog/?SECTION_ID=527,Петунія
http://semena.in.ua/catalog/?SECTION_ID=481,Тіньовий газон
http://semena.in.ua/catalog/?SECTION_ID=529,Агератум
http://semena.in.ua/catalog/?SECTION_ID=528,Антіріум
http://semena.in.ua/catalog/?SECTION_ID=536,Аліссум
http://semena.in.ua/content/news/?PAGEN_1=2,Новости интернет-магазина
http://semena.in.ua/catalog/?SECTION_ID=532,Бальзамін
http://semena.in.ua/catalog/?SECTION_ID=531,Брахікома
http://semena.in.ua/catalog/?SECTION_ID=530,Біденс
http://semena.in.ua/catalog/?SECTION_ID=571,Віола
http://semena.in.ua/catalog/?SECTION_ID=572,Газанія
http://semena.in.ua/catalog/?SECTION_ID=533,Гвоздика
http://semena.in.ua/catalog/?SECTION_ID=574,Гербера
http://semena.in.ua/catalog/?SECTION_ID=538,Діхондра
http://semena.in.ua/catalog/?SECTION_ID=537,Бегонія
http://semena.in.ua/catalog/?SECTION_ID=575,Еустома
http://semena.in.ua/catalog/?SECTION_ID=576,Катарантус
http://semena.in.ua/catalog/?SECTION_ID=577,Перикаліс
http://semena.in.ua/catalog/?SECTION_ID=539,Портулак
http://semena.in.ua/catalog/?SECTION_ID=540,Примула
http://semena.in.ua/catalog/?SECTION_ID=578,Саксіфрага
http://semena.in.ua/catalog/?SECTION_ID=534,Пеларгонія
http://semena.in.ua/catalog/?SECTION_ID=568,Перець гострий 
http://semena.in.ua/catalog/?SECTION_ID=551,Детермінантні
http://semena.in.ua/catalog/?SECTION_ID=535,Сальвия
http://semena.in.ua/catalog/?SECTION_ID=552,Індетермінантні
http://semena.in.ua/catalog/?SECTION_ID=548,Конюшина
http://semena.in.ua/catalog/?SECTION_ID=547,Класичний газон
http://semena.in.ua/catalog/?SECTION_ID=549,Спортивний газон
http://semena.in.ua/catalog/?SECTION_ID=550,Тіньовий газон
http://semena.in.ua/catalog/?SECTION_ID=555,Білоголова рання
http://semena.in.ua/catalog/?SECTION_ID=556,Білоголова середня
http://semena.in.ua/catalog/?SECTION_ID=557,Білоголова пізня
http://semena.in.ua/catalog/?SECTION_ID=558,Броколі
http://semena.in.ua/catalog/?SECTION_ID=559,Брюсельська
http://semena.in.ua/catalog/?SECTION_ID=599,Цвітна
http://semena.in.ua/catalog/?SECTION_ID=570,Вербена
http://semena.in.ua/catalog/?SECTION_ID=561,Пекінська
http://semena.in.ua/catalog/?SECTION_ID=546,Декоративний газон
http://semena.in.ua/catalog/?SECTION_ID=562,Савойська
http://semena.in.ua/catalog/?SECTION_ID=545&ELEMENT_ID=2905,Посухостійкий
http://semena.in.ua/catalog/?SECTION_ID=545&ELEMENT_ID=2906,Спортивний
http://semena.in.ua/catalog/?SECTION_ID=545&ELEMENT_ID=2904,Парковий
http://semena.in.ua/catalog/?SECTION_ID=545&ELEMENT_ID=2903,Дюймовочка
http://semena.in.ua/catalog/?SECTION_ID=500&ELEMENT_ID=2573,Віола великоквіткова
http://semena.in.ua/catalog/?SECTION_ID=567&ELEMENT_ID=2914,Джина
http://semena.in.ua/catalog/?SECTION_ID=505&ELEMENT_ID=2932,Циліндра
http://semena.in.ua/catalog/?SECTION_ID=567&ELEMENT_ID=2913,Болеро
http://semena.in.ua/catalog/?SECTION_ID=560,Червоноголова
http://semena.in.ua/catalog/?SECTION_ID=505&ELEMENT_ID=2930,Ред Бул
http://semena.in.ua/catalog/?SECTION_ID=505&ELEMENT_ID=2931,Ред Сан F1 
http://semena.in.ua/catalog/?SECTION_ID=505&ELEMENT_ID=2844,Моналіза
http://semena.in.ua/catalog/?SECTION_ID=505&ELEMENT_ID=2845,Бебібіт
http://semena.in.ua/catalog/?SECTION_ID=505&ELEMENT_ID=2843,Зеппо F1
http://semena.in.ua/catalog/?SECTION_ID=505&ELEMENT_ID=2593,Лорет
http://semena.in.ua/catalog/?SECTION_ID=505&ELEMENT_ID=2842,Лома F1 
http://semena.in.ua/catalog/?SECTION_ID=506&ELEMENT_ID=2595,Руж Віф ДТамп
http://semena.in.ua/catalog/?SECTION_ID=505&ELEMENT_ID=2592,Детройт
http://semena.in.ua/catalog/?SECTION_ID=506&ELEMENT_ID=2594,Мускат Де Прованс
http://semena.in.ua/catalog/?SECTION_ID=507&ELEMENT_ID=2739,КРЕДО F1
http://semena.in.ua/catalog/?SECTION_ID=507&ELEMENT_ID=2703,Амалік F1
http://semena.in.ua/catalog/?SECTION_ID=507&ELEMENT_ID=2598,Сітірекс
http://semena.in.ua/catalog/?SECTION_ID=507&ELEMENT_ID=2597,Голді
http://semena.in.ua/catalog/?SECTION_ID=507&ELEMENT_ID=2596,Ананас
http://semena.in.ua/catalog/?SECTION_ID=508&ELEMENT_ID=2915,Елов Хаус 
http://semena.in.ua/catalog/?SECTION_ID=508&ELEMENT_ID=2701,Карамболь F1
http://semena.in.ua/catalog/?SECTION_ID=508&ELEMENT_ID=2601,Мері Голд
http://semena.in.ua/catalog/?SECTION_ID=508&ELEMENT_ID=2602,Мостра
http://semena.in.ua/catalog/?SECTION_ID=508&ELEMENT_ID=2600,Кора
http://semena.in.ua/catalog/?SECTION_ID=508&ELEMENT_ID=2599,Алія
http://semena.in.ua/catalog/?SECTION_ID=509&ELEMENT_ID=2917,Скай Єйс F1 
http://semena.in.ua/catalog/?SECTION_ID=509&ELEMENT_ID=2916,Голден Бол F1 
http://semena.in.ua/catalog/?SECTION_ID=509&ELEMENT_ID=2850,Чесма
http://semena.in.ua/catalog/?SECTION_ID=509&ELEMENT_ID=2849,Сторема F1
http://semena.in.ua/catalog/?SECTION_ID=509&ELEMENT_ID=2848,Етма F1
http://semena.in.ua/catalog/?SECTION_ID=509&ELEMENT_ID=2846,Адема F1
http://semena.in.ua/catalog/?SECTION_ID=509&ELEMENT_ID=2847,Ерма F1
http://semena.in.ua/catalog/?SECTION_ID=509&ELEMENT_ID=2613,Кубок
http://semena.in.ua/catalog/?SECTION_ID=509&ELEMENT_ID=2611,Гігант
http://semena.in.ua/catalog/?SECTION_ID=509&ELEMENT_ID=2612,Козак
http://semena.in.ua/catalog/?SECTION_ID=509&ELEMENT_ID=2610,Бреді
http://semena.in.ua/catalog/?SECTION_ID=509&ELEMENT_ID=2609,Скіф
http://semena.in.ua/catalog/?SECTION_ID=509&ELEMENT_ID=2608,Ранокі
http://semena.in.ua/catalog/?SECTION_ID=504&ELEMENT_ID=2912,Ау Продюсер 
http://semena.in.ua/catalog/?SECTION_ID=504&ELEMENT_ID=2705,Ерлі Джитана F1
http://semena.in.ua/catalog/?SECTION_ID=504&ELEMENT_ID=2704,Призматика F1
http://semena.in.ua/catalog/?SECTION_ID=504&ELEMENT_ID=2607,Шуга Бейби
http://semena.in.ua/catalog/?SECTION_ID=504&ELEMENT_ID=2707,Ерлі Саманта F1
http://semena.in.ua/catalog/?SECTION_ID=504&ELEMENT_ID=2605,Стетсон F1
http://semena.in.ua/catalog/?SECTION_ID=504&ELEMENT_ID=2606,Чарльстон Грей
http://semena.in.ua/catalog/?SECTION_ID=504&ELEMENT_ID=2604,Нельсон
http://semena.in.ua/catalog/?SECTION_ID=504&ELEMENT_ID=2603,Кримсон Світ
http://semena.in.ua/catalog/?SECTION_ID=510&ELEMENT_ID=2660,Вили F1
http://semena.in.ua/catalog/?SECTION_ID=510&ELEMENT_ID=2658,Нонг Ву Ферст F1
http://semena.in.ua/catalog/?SECTION_ID=510&ELEMENT_ID=2659,Самер Хайленд F1
http://semena.in.ua/catalog/?SECTION_ID=510&ELEMENT_ID=2614,Маноко F1
http://semena.in.ua/catalog/?SECTION_ID=511&ELEMENT_ID=2618,Сноубол
http://semena.in.ua/catalog/?SECTION_ID=511&ELEMENT_ID=2617,Миньон
http://semena.in.ua/catalog/?SECTION_ID=511&ELEMENT_ID=2615,Крісталіна
http://semena.in.ua/catalog/?SECTION_ID=511&ELEMENT_ID=2616,Матін
http://semena.in.ua/catalog/?SECTION_ID=502&ELEMENT_ID=2702,Найт Леди F1
http://semena.in.ua/catalog/?SECTION_ID=502&ELEMENT_ID=2575,Перфекшен F1
http://semena.in.ua/catalog/?SECTION_ID=502&ELEMENT_ID=2576,Фарама F1
http://semena.in.ua/catalog/?SECTION_ID=514&ELEMENT_ID=2852,Байон
http://semena.in.ua/catalog/?SECTION_ID=514&ELEMENT_ID=2625,Шантане
http://semena.in.ua/catalog/?SECTION_ID=514&ELEMENT_ID=2853,Каротан
http://semena.in.ua/catalog/?SECTION_ID=514&ELEMENT_ID=2624,Фіго
http://semena.in.ua/catalog/?SECTION_ID=514&ELEMENT_ID=2623,Супер Скарла
http://semena.in.ua/catalog/?SECTION_ID=514&ELEMENT_ID=2622,Нантес
http://semena.in.ua/catalog/?SECTION_ID=514&ELEMENT_ID=2621,Майа
http://semena.in.ua/catalog/?SECTION_ID=515&ELEMENT_ID=2862,Соната
http://semena.in.ua/catalog/?SECTION_ID=515&ELEMENT_ID=2861,Престо
http://semena.in.ua/catalog/?SECTION_ID=515&ELEMENT_ID=2860,Компонист
http://semena.in.ua/catalog/?SECTION_ID=515&ELEMENT_ID=2859,Кібрія
http://semena.in.ua/catalog/?SECTION_ID=515&ELEMENT_ID=2858,Караоке
http://semena.in.ua/catalog/?SECTION_ID=515&ELEMENT_ID=2857,Вокал
http://semena.in.ua/catalog/?SECTION_ID=515&ELEMENT_ID=2717,Авелла F1
http://semena.in.ua/catalog/?SECTION_ID=515&ELEMENT_ID=2662,Аванс F1
http://semena.in.ua/catalog/?SECTION_ID=515&ELEMENT_ID=2633,Амур
http://semena.in.ua/catalog/?SECTION_ID=515&ELEMENT_ID=2632,Амант
http://semena.in.ua/catalog/?SECTION_ID=515&ELEMENT_ID=2631,Супер Роял
http://semena.in.ua/catalog/?SECTION_ID=515&ELEMENT_ID=2630,Регал плюс
http://semena.in.ua/catalog/?SECTION_ID=515&ELEMENT_ID=2628,Астерикс
http://semena.in.ua/catalog/?SECTION_ID=515&ELEMENT_ID=2627,Альянс F1
http://semena.in.ua/catalog/?SECTION_ID=515&ELEMENT_ID=2626,Акорд
http://semena.in.ua/catalog/?SECTION_ID=515&ELEMENT_ID=2629,Атлантис
http://semena.in.ua/catalog/?SECTION_ID=516&ELEMENT_ID=2634,Мадонна
http://semena.in.ua/catalog/?SECTION_ID=517&ELEMENT_ID=2636,Каліто
http://semena.in.ua/catalog/?SECTION_ID=518&ELEMENT_ID=2637,Гігант де італія
http://semena.in.ua/catalog/?SECTION_ID=516&ELEMENT_ID=2635,Монтекрісто
http://semena.in.ua/catalog/?SECTION_ID=519&ELEMENT_ID=2638,Французський сніданок
http://semena.in.ua/catalog/?SECTION_ID=569&ELEMENT_ID=2928,Міні Ерлі Лонг Вайт F1 
http://semena.in.ua/catalog/?SECTION_ID=566&ELEMENT_ID=2929,Сопран 
http://semena.in.ua/catalog/?SECTION_ID=566&ELEMENT_ID=2854,Локарно F1
http://semena.in.ua/catalog/?SECTION_ID=566&ELEMENT_ID=2855,Афіціон F1
http://semena.in.ua/catalog/?SECTION_ID=565&ELEMENT_ID=2856,Президент
http://semena.in.ua/catalog/?SECTION_ID=513&ELEMENT_ID=2620,Санденс
http://semena.in.ua/catalog/?SECTION_ID=512&ELEMENT_ID=2918,Б 66 F1 
http://semena.in.ua/catalog/?SECTION_ID=512&ELEMENT_ID=2851,Рексома F1
http://semena.in.ua/catalog/?SECTION_ID=512&ELEMENT_ID=2619,Рубін
http://semena.in.ua/catalog/?SECTION_ID=524&ELEMENT_ID=2921,Ред Рок F1 
http://semena.in.ua/catalog/?SECTION_ID=524&ELEMENT_ID=2920,Копер Стар F1 
http://semena.in.ua/catalog/?SECTION_ID=524&ELEMENT_ID=2919,Вайт Меджік F1 
http://semena.in.ua/catalog/?SECTION_ID=524&ELEMENT_ID=2715,КОПЕР БОЛ Ф1
http://semena.in.ua/catalog/?SECTION_ID=521&ELEMENT_ID=2661,Винтер Силвер
http://semena.in.ua/catalog/?SECTION_ID=605&ELEMENT_ID=3211,Колорадоцид
http://semena.in.ua/catalog/?SECTION_ID=605&ELEMENT_ID=3210,Азогран
http://semena.in.ua/catalog/?SECTION_ID=605&ELEMENT_ID=3208,Фітодоктор для городу
http://semena.in.ua/catalog/?SECTION_ID=605&ELEMENT_ID=3209,Фітодоктор для саду
http://semena.in.ua/catalog/?SECTION_ID=543&ELEMENT_ID=2910,Посухостійкий
http://semena.in.ua/catalog/?SECTION_ID=543&ELEMENT_ID=2908,Парковий
http://semena.in.ua/catalog/?SECTION_ID=543&ELEMENT_ID=2909,Дюймовочка
http://semena.in.ua/catalog/?SECTION_ID=543&ELEMENT_ID=2907,Спортивний
http://semena.in.ua/catalog/?SECTION_ID=523&ELEMENT_ID=3181,Для газону Весна - Літо
http://semena.in.ua/catalog/?SECTION_ID=523&ELEMENT_ID=3179,Брексіл Комбі для туй та хвойних
http://semena.in.ua/catalog/?SECTION_ID=523&ELEMENT_ID=3182,"NRK + мікроелементи, Для квітів універсальне"
http://semena.in.ua/catalog/?SECTION_ID=523&ELEMENT_ID=3110,Скоттс Еверріс  добриво для орхідей
http://semena.in.ua/catalog/?SECTION_ID=523&ELEMENT_ID=3109,Скоттс Еверріс добриво для кактусів
http://semena.in.ua/catalog/?SECTION_ID=523&ELEMENT_ID=3111,Скоттс Еверріс  добриво для пальм
http://semena.in.ua/catalog/?SECTION_ID=523&ELEMENT_ID=3104,Скоттс Еверріс  добриво для підживлення нового газону
http://semena.in.ua/catalog/?SECTION_ID=523&ELEMENT_ID=3103,Скоттс Еверріс  для підживення квітів  пролонгованої дії до 3 місяців
http://semena.in.ua/catalog/?SECTION_ID=523&ELEMENT_ID=3107,Скоттс Еверріс  добриво для бегонії
http://semena.in.ua/catalog/?SECTION_ID=523&ELEMENT_ID=3102,Скоттс Еверріс  добриво для коренеплодів
http://semena.in.ua/catalog/?SECTION_ID=523&ELEMENT_ID=3101,Екоттс Еверріс  добриво для газону пролонгованої дії
http://semena.in.ua/catalog/?SECTION_ID=523&ELEMENT_ID=2899,Добриво для покращення цвітіння з біостимулятором
http://semena.in.ua/catalog/?SECTION_ID=523&ELEMENT_ID=2898,Добриво для петуній
http://semena.in.ua/catalog/?SECTION_ID=523&ELEMENT_ID=2897,Добриво для пасльонових культур
http://semena.in.ua/catalog/?SECTION_ID=523&ELEMENT_ID=2896,Добриво для огірків з біостимулятором
http://semena.in.ua/catalog/?SECTION_ID=523&ELEMENT_ID=2895,Добриво для кімнатних квітів
http://semena.in.ua/catalog/?SECTION_ID=523&ELEMENT_ID=2894,Добриво для картоплі з прилипачем
http://semena.in.ua/catalog/?SECTION_ID=523&ELEMENT_ID=2893,Добриво для картоплі з БІОСТИМУЛЯТОРОМ
http://semena.in.ua/catalog/?SECTION_ID=523&ELEMENT_ID=2891,Добриво від грибкових захворювань
http://semena.in.ua/catalog/?SECTION_ID=523&ELEMENT_ID=2892,Добриво для газонних трав
http://semena.in.ua/catalog/?SECTION_ID=523&ELEMENT_ID=2888,Добриво для закритого ґрунту
http://semena.in.ua/catalog/?SECTION_ID=523&ELEMENT_ID=2890,Добриво Стрес контроль з БІОСТИМУЛЯТОРОМ
http://semena.in.ua/catalog/?SECTION_ID=523&ELEMENT_ID=2887,Добриво для розсади з прилипачем
http://semena.in.ua/catalog/?SECTION_ID=523&ELEMENT_ID=2886,Добриво для розсади з БІОСТИМУЛЯТОРОМ
http://semena.in.ua/catalog/?SECTION_ID=523&ELEMENT_ID=2885,Добриво для полуниці та ягідних культур з прилипачем
http://semena.in.ua/catalog/?SECTION_ID=523&ELEMENT_ID=2884,Для покращення живлення
http://semena.in.ua/catalog/?SECTION_ID=523&ELEMENT_ID=2883,Добриво для покращення зберігання врожаю
http://semena.in.ua/catalog/?SECTION_ID=523&ELEMENT_ID=2738,Добриво для збільшення врожаю
http://semena.in.ua/catalog/?SECTION_ID=523&ELEMENT_ID=2737,Добриво для саду
http://semena.in.ua/catalog/?SECTION_ID=523&PAGEN_2=2,Добрива
http://semena.in.ua/catalog/?SECTION_ID=523&ELEMENT_ID=2736,Добриво для виногрвду
http://semena.in.ua/catalog/?SECTION_ID=455&ELEMENT_ID=3140,Ромашка махрова крейзі дейзі
http://semena.in.ua/catalog/?SECTION_ID=455&ELEMENT_ID=3139,Айстра Альпійська суміш
http://semena.in.ua/catalog/?SECTION_ID=455&ELEMENT_ID=3073,"Фізостегія вірджинська, суміш"
http://semena.in.ua/catalog/?SECTION_ID=455&ELEMENT_ID=3072,Миколайчики сині
http://semena.in.ua/catalog/?SECTION_ID=455&ELEMENT_ID=2826,"Полуниця гібридна ""Рожеве диво"""
http://semena.in.ua/catalog/?SECTION_ID=523&SHOWALL_2=1,Добрива
http://semena.in.ua/catalog/?SECTION_ID=455&ELEMENT_ID=3074,Ехінацея пурпурна
http://semena.in.ua/catalog/?SECTION_ID=455&ELEMENT_ID=3070,Ломикамінь Пурпурний килим
http://semena.in.ua/catalog/?SECTION_ID=455&ELEMENT_ID=3071,Рудбекія махрова Голділокс
http://semena.in.ua/catalog/?SECTION_ID=455&ELEMENT_ID=2439,"Прунела великоквіткова суміш ""Пагода"""
http://semena.in.ua/catalog/?SECTION_ID=455&ELEMENT_ID=2258,Цинерарія приморська Срібний пил
http://semena.in.ua/catalog/?SECTION_ID=455&ELEMENT_ID=2256,Суниця ремонтантна  Реґіна
http://semena.in.ua/catalog/?SECTION_ID=455&ELEMENT_ID=2255,Суниця  Алі – Баба
http://semena.in.ua/catalog/?SECTION_ID=455&ELEMENT_ID=2257,Хризантема «Срібна принцеса»
http://semena.in.ua/catalog/?SECTION_ID=455&ELEMENT_ID=2253,Сантоліна «Санта»
http://semena.in.ua/catalog/?SECTION_ID=455&ELEMENT_ID=2252,Рудбекія «Капучіно»
http://semena.in.ua/catalog/?SECTION_ID=455&ELEMENT_ID=2251,Рудбекія «Мармелад»
http://semena.in.ua/catalog/?SECTION_ID=455&ELEMENT_ID=2254,Сон – трава «Принц Генріх»
http://semena.in.ua/catalog/?SECTION_ID=455&ELEMENT_ID=2248,Полуниця гібридна  Ананасна
http://semena.in.ua/catalog/?SECTION_ID=455&ELEMENT_ID=2246,Платикодон «Гаваї» рожевий
http://semena.in.ua/catalog/?SECTION_ID=455&ELEMENT_ID=2245,Платикодон «Гаваї» голубий
http://semena.in.ua/catalog/?SECTION_ID=455&ELEMENT_ID=2247,"Полемоніум блакитний, суміш"
http://semena.in.ua/catalog/?SECTION_ID=455&ELEMENT_ID=2243,"Обрієта гібридна «Скеляста мозаїка», суміш"
http://semena.in.ua/catalog/?SECTION_ID=455&ELEMENT_ID=2244,Платикодон «Гаваї» білий
http://semena.in.ua/catalog/?SECTION_ID=455&ELEMENT_ID=2242,Мак східний суміш «Піццікато»
http://semena.in.ua/catalog/?SECTION_ID=455&ELEMENT_ID=2241,"Люпин багаторічний «Галерея», червоний"
http://semena.in.ua/catalog/?SECTION_ID=455&ELEMENT_ID=2240,"Люпин багаторічний «Галерея», рожевий"
http://semena.in.ua/catalog/?SECTION_ID=455&ELEMENT_ID=2239,"Люпин багаторічний «Галерея», жовтий"
http://semena.in.ua/catalog/?SECTION_ID=455&ELEMENT_ID=2238,"Люпин багаторічний «Галерея», білий"
http://semena.in.ua/catalog/?SECTION_ID=455&ELEMENT_ID=2237,Льон багаторічний
http://semena.in.ua/catalog/?SECTION_ID=455&ELEMENT_ID=2235,Лещиця волотиста «Зимовий візерунок»
http://semena.in.ua/catalog/?SECTION_ID=455&PAGEN_2=2,Багаторічники
http://semena.in.ua/catalog/?SECTION_ID=455&SHOWALL_2=1,Багаторічники
http://semena.in.ua/catalog/?SECTION_ID=456&ELEMENT_ID=3143,Маргаритка Помпон суміш
http://semena.in.ua/catalog/?SECTION_ID=456&ELEMENT_ID=3142,Маргаритка Хабанера суміш
http://semena.in.ua/catalog/?SECTION_ID=456&ELEMENT_ID=3141,Гвоздика Гренадін суміш
http://semena.in.ua/catalog/?SECTION_ID=456&ELEMENT_ID=3054,Віола корнута Пенні F1 суміш
http://semena.in.ua/catalog/?SECTION_ID=456&ELEMENT_ID=2586,Мальва Монарх суміш
http://semena.in.ua/catalog/?SECTION_ID=456&ELEMENT_ID=3053,Віола вітрокіана Дельта F1 суміш
http://semena.in.ua/catalog/?SECTION_ID=456&ELEMENT_ID=2437,Маргаритка «Помпон» рожева
http://semena.in.ua/catalog/?SECTION_ID=456&ELEMENT_ID=2268,"Фіалка велика «Хелловін», суміш"
http://semena.in.ua/catalog/?SECTION_ID=456&ELEMENT_ID=2267,"Стокротка багаторічна «Помпон», червона"
http://semena.in.ua/catalog/?SECTION_ID=456&ELEMENT_ID=2438,Мальва Шатер суміш
http://semena.in.ua/catalog/?SECTION_ID=456&ELEMENT_ID=2265,Примула Піонер F1 суміш
http://semena.in.ua/catalog/?SECTION_ID=456&ELEMENT_ID=2264,Наперстянка пурпурова
http://semena.in.ua/catalog/?SECTION_ID=456&ELEMENT_ID=2266,"Стокротка багаторічна «Помпон», біла"
http://semena.in.ua/catalog/?SECTION_ID=456&ELEMENT_ID=2263,Лакфіоль садовий суміш «Чері»
http://semena.in.ua/catalog/?SECTION_ID=456&ELEMENT_ID=2262,Дзвоники середні махрові суміш
http://semena.in.ua/catalog/?SECTION_ID=456&ELEMENT_ID=2261,Гвоздика турецька Піноккіо суміш
http://semena.in.ua/catalog/?SECTION_ID=456&ELEMENT_ID=2260,"Гвоздика садова серія Гренадін «Харді – тріумф», суміш"
http://semena.in.ua/catalog/?SECTION_ID=604&ELEMENT_ID=3202,Духмяний сад
http://semena.in.ua/catalog/?SECTION_ID=604&ELEMENT_ID=3201,Квіткова мозаїка
http://semena.in.ua/catalog/?SECTION_ID=604&ELEMENT_ID=3199,Зелений лікар
http://semena.in.ua/catalog/?SECTION_ID=604&ELEMENT_ID=3200,Польовий віночок
http://semena.in.ua/catalog/?SECTION_ID=604&ELEMENT_ID=3198,Вишукана галявина
http://semena.in.ua/catalog/?SECTION_ID=522&ELEMENT_ID=2663,ЕКСТРА ЕРЛІ ГОЛД F1
http://semena.in.ua/catalog/?SECTION_ID=457&ELEMENT_ID=3192,Абутілон скміш
http://semena.in.ua/catalog/?SECTION_ID=457&ELEMENT_ID=3147,Гербера Джеймсона суміш
http://semena.in.ua/catalog/?SECTION_ID=457&ELEMENT_ID=3145,Колеус Керіфрі суміш
http://semena.in.ua/catalog/?SECTION_ID=457&ELEMENT_ID=3144,Бегонія Грефон
http://semena.in.ua/catalog/?SECTION_ID=457&ELEMENT_ID=3069,"Цикламен персидський великоквітковий, суміш"
http://semena.in.ua/catalog/?SECTION_ID=457&ELEMENT_ID=3068,Цінерарія квітуча Аміго
http://semena.in.ua/catalog/?SECTION_ID=457&ELEMENT_ID=3146,Колеус Чоколейт Коверед чері
http://semena.in.ua/catalog/?SECTION_ID=457&ELEMENT_ID=3067,Хлопчатник
http://semena.in.ua/catalog/?SECTION_ID=457&ELEMENT_ID=3066,"Фрезія гібрид  Супер гігант, суміш"
http://semena.in.ua/catalog/?SECTION_ID=457&ELEMENT_ID=3065,Стреліція королівська Райська пташка
http://semena.in.ua/catalog/?SECTION_ID=457&ELEMENT_ID=3064,"Пеларгонія зональна Бордюр, суміш"
http://semena.in.ua/catalog/?SECTION_ID=457&ELEMENT_ID=3063,"Пентас ланцетний Старла F1, суміш"
http://semena.in.ua/catalog/?SECTION_ID=457&ELEMENT_ID=3062,Кросандра Тропік червона
http://semena.in.ua/catalog/?SECTION_ID=457&ELEMENT_ID=3061,Кросандра Тропік жовта
http://semena.in.ua/catalog/?SECTION_ID=457&ELEMENT_ID=3060,"Бегонія тубероза Гоу-Гоу F1,  суміш"
http://semena.in.ua/catalog/?SECTION_ID=457&ELEMENT_ID=3059,Бегонія вічноквітуча Дреген Вінг  рожева
http://semena.in.ua/catalog/?SECTION_ID=457&ELEMENT_ID=3057,Бегонія вічноквітуча Бада Бум F1 суміш
http://semena.in.ua/catalog/?SECTION_ID=457&ELEMENT_ID=3056,Бегонія вічноквітуча Бада Бінг F1 суміш
http://semena.in.ua/catalog/?SECTION_ID=457&ELEMENT_ID=3058,Бегонія вічноквітуча Дреген Вінг червона
http://semena.in.ua/catalog/?SECTION_ID=457&ELEMENT_ID=3055,Бальзамін новогвінейський Дівайн F1 суміш
http://semena.in.ua/catalog/?SECTION_ID=457&ELEMENT_ID=3052,Пеларгонія зональна F2  (червона)
http://semena.in.ua/catalog/?SECTION_ID=457&ELEMENT_ID=2448,Пеларгонія зональна. Серія люстра. Червона
http://semena.in.ua/catalog/?SECTION_ID=457&ELEMENT_ID=2447,Пеларгонія зональна. Серія люстра. Двокольорова
http://semena.in.ua/catalog/?SECTION_ID=457&ELEMENT_ID=2446,Пеларгонія зональна. Серія люстра. Біла
http://semena.in.ua/catalog/?SECTION_ID=457&ELEMENT_ID=2445,Пеларгонія зональна. Серія люстра. Коралова
http://semena.in.ua/catalog/?SECTION_ID=457&ELEMENT_ID=2444,Пассіфлора блакитна «Кавалерська зірка»
http://semena.in.ua/catalog/?SECTION_ID=457&ELEMENT_ID=2443,Пасльон «Червоний гігант»
http://semena.in.ua/catalog/?SECTION_ID=457&ELEMENT_ID=2442,"Куфея червона ""Коан"""
http://semena.in.ua/catalog/?SECTION_ID=457&ELEMENT_ID=2441,"Кавове дерево ""Арабiка"""
http://semena.in.ua/catalog/?SECTION_ID=457&PAGEN_2=2,Кімнатні
http://semena.in.ua/catalog/?SECTION_ID=457&SHOWALL_2=1,Кімнатні
http://semena.in.ua/catalog/?SECTION_ID=460&ELEMENT_ID=3212,бамбіно
http://semena.in.ua/catalog/?SECTION_ID=460&ELEMENT_ID=3183, Міледа F1
http://semena.in.ua/catalog/?SECTION_ID=457&ELEMENT_ID=2278,Мімоза сором’язлива
http://semena.in.ua/catalog/?SECTION_ID=460&ELEMENT_ID=3178,Перфекшн F1
http://semena.in.ua/catalog/?SECTION_ID=460&ELEMENT_ID=3138,Найт Леді F1
http://semena.in.ua/catalog/?SECTION_ID=460&ELEMENT_ID=2956,Клоринда F1
http://semena.in.ua/catalog/?SECTION_ID=460&ELEMENT_ID=2954,Епік F1
http://semena.in.ua/catalog/?SECTION_ID=460&ELEMENT_ID=2953,Баклажан Бібо F1
http://semena.in.ua/catalog/?SECTION_ID=460&ELEMENT_ID=2775,Тірренія F1
http://semena.in.ua/catalog/?SECTION_ID=460&ELEMENT_ID=2753,Міледа F1
http://semena.in.ua/catalog/?SECTION_ID=460&ELEMENT_ID=2774,Анет F1
http://semena.in.ua/catalog/?SECTION_ID=460&ELEMENT_ID=2285,Фарама F1
http://semena.in.ua/catalog/?SECTION_ID=460&ELEMENT_ID=2284,Золотий хлопчик
http://semena.in.ua/catalog/?SECTION_ID=473&ELEMENT_ID=3117,Ред Сан F1
http://semena.in.ua/catalog/?SECTION_ID=473&ELEMENT_ID=3116,Ред Бул 
http://semena.in.ua/catalog/?SECTION_ID=473&ELEMENT_ID=3050,Фороно 
http://semena.in.ua/catalog/?SECTION_ID=473&ELEMENT_ID=2949,Пабло F1
http://semena.in.ua/catalog/?SECTION_ID=473&ELEMENT_ID=2943,Болтарді
http://semena.in.ua/catalog/?SECTION_ID=473&ELEMENT_ID=2864,Детройт
http://semena.in.ua/catalog/?SECTION_ID=473&ELEMENT_ID=2863,Беби Біт
http://semena.in.ua/catalog/?SECTION_ID=473&ELEMENT_ID=2558,Зепо F1
http://semena.in.ua/catalog/?SECTION_ID=473&ELEMENT_ID=2376,Циліндра
http://semena.in.ua/catalog/?SECTION_ID=473&ELEMENT_ID=2370,Бікорес
http://semena.in.ua/catalog/?SECTION_ID=475&ELEMENT_ID=3214,Баттернат
http://semena.in.ua/catalog/?SECTION_ID=473&ELEMENT_ID=2374,Лома
http://semena.in.ua/catalog/?SECTION_ID=473&ELEMENT_ID=2373,Ларка
http://semena.in.ua/catalog/?SECTION_ID=475&ELEMENT_ID=2391,Мускат де Прованс
http://semena.in.ua/catalog/?SECTION_ID=475&ELEMENT_ID=2392,Руж Віф д'Етамп
http://semena.in.ua/catalog/?SECTION_ID=553&ELEMENT_ID=2865,Дакота
http://semena.in.ua/catalog/?SECTION_ID=553&ELEMENT_ID=2754,Болеро
http://semena.in.ua/catalog/?SECTION_ID=461&ELEMENT_ID=3118,КредоF1
http://semena.in.ua/catalog/?SECTION_ID=553&ELEMENT_ID=2866,Сомервуд
http://semena.in.ua/catalog/?SECTION_ID=461&ELEMENT_ID=2755,Делано F1
http://semena.in.ua/catalog/?SECTION_ID=461&ELEMENT_ID=2579,Амалік F1
http://semena.in.ua/catalog/?SECTION_ID=461&ELEMENT_ID=2829,Сітірекс F1
http://semena.in.ua/catalog/?SECTION_ID=461&ELEMENT_ID=2286,Ананас
http://semena.in.ua/catalog/?SECTION_ID=459&ELEMENT_ID=3184,Карнак F1
http://semena.in.ua/catalog/?SECTION_ID=461&ELEMENT_ID=2287,Голді F1
http://semena.in.ua/catalog/?SECTION_ID=459&ELEMENT_ID=3121,Кримсон Світ
http://semena.in.ua/catalog/?SECTION_ID=459&ELEMENT_ID=3120,АУ Продюсер
http://semena.in.ua/catalog/?SECTION_ID=459&ELEMENT_ID=3033,Топ Ган F1
http://semena.in.ua/catalog/?SECTION_ID=459&ELEMENT_ID=2780,Вікторія F1
http://semena.in.ua/catalog/?SECTION_ID=459&ELEMENT_ID=2779,Ред Стар F1
http://semena.in.ua/catalog/?SECTION_ID=459&ELEMENT_ID=2778,Леді F1
http://semena.in.ua/catalog/?SECTION_ID=459&ELEMENT_ID=2777,Думара F1
http://semena.in.ua/catalog/?SECTION_ID=459&ELEMENT_ID=2776,Крізбі F1
http://semena.in.ua/catalog/?SECTION_ID=459&ELEMENT_ID=2582,Карнаката F1
http://semena.in.ua/catalog/?SECTION_ID=459&ELEMENT_ID=2282,Шуга Бебі
http://semena.in.ua/catalog/?SECTION_ID=459&ELEMENT_ID=2281,Чарльстон Грей
http://semena.in.ua/catalog/?SECTION_ID=464&ELEMENT_ID=3018,Цвітна
http://semena.in.ua/catalog/?SECTION_ID=464&ELEMENT_ID=3017,Цвітна
http://semena.in.ua/catalog/?SECTION_ID=459&ELEMENT_ID=2280,Стетсон F1
http://semena.in.ua/catalog/?SECTION_ID=497&ELEMENT_ID=3193,Матіола дворога
http://semena.in.ua/catalog/?SECTION_ID=497&ELEMENT_ID=3173,Тунбергія сюзанна помаранчева з вічком
http://semena.in.ua/catalog/?SECTION_ID=497&ELEMENT_ID=3194,Петунія грандіфлора танго F1 фіолетова
http://semena.in.ua/catalog/?SECTION_ID=497&ELEMENT_ID=3171,Петунія ультра Ф1 зіркова суміш
http://semena.in.ua/catalog/?SECTION_ID=497&ELEMENT_ID=3172,Перунія супербіссіма
http://semena.in.ua/catalog/?SECTION_ID=497&ELEMENT_ID=3170,Петунія рамблін Ф1 суміш
http://semena.in.ua/catalog/?SECTION_ID=497&ELEMENT_ID=3168,Петунія  Мамбо  Ф1  суміш
http://semena.in.ua/catalog/?SECTION_ID=497&ELEMENT_ID=3169,Петунія  Міраж Ф1 жовта
http://semena.in.ua/catalog/?SECTION_ID=497&ELEMENT_ID=3167,петунія фрост суміш
http://semena.in.ua/catalog/?SECTION_ID=497&ELEMENT_ID=3166,петунія браво Ф1 суміш 
http://semena.in.ua/catalog/?SECTION_ID=497&ELEMENT_ID=3165,петунія браво Ф1 суміш з прожилками
http://semena.in.ua/catalog/?SECTION_ID=497&ELEMENT_ID=3164,Петунія браво Ф1 біла
http://semena.in.ua/catalog/?SECTION_ID=497&ELEMENT_ID=3163,Лобулярія морська сніжина
http://semena.in.ua/catalog/?SECTION_ID=497&ELEMENT_ID=3162,Лобулярія королівський килим
http://semena.in.ua/catalog/?SECTION_ID=497&ELEMENT_ID=3160,Квамоклід лопатевий іспанка
http://semena.in.ua/catalog/?SECTION_ID=497&ELEMENT_ID=3161,Левкой ексельсіор скміш
http://semena.in.ua/catalog/?SECTION_ID=497&ELEMENT_ID=3159,Красоля коштовність суміш
http://semena.in.ua/catalog/?SECTION_ID=497&ELEMENT_ID=3158,Катарантус титан Ф1 містична суміш
http://semena.in.ua/catalog/?SECTION_ID=497&ELEMENT_ID=3157,Горошок духмяний купідон суміш
http://semena.in.ua/catalog/?SECTION_ID=497&ELEMENT_ID=3155,Цинія елегантна ліліпут суміш
http://semena.in.ua/catalog/?SECTION_ID=497&ELEMENT_ID=3156,Цинія елегантна сахара F1 суміш
http://semena.in.ua/catalog/?SECTION_ID=497&ELEMENT_ID=3154,Цинія елегантна бордюр суміш
http://semena.in.ua/catalog/?SECTION_ID=497&ELEMENT_ID=3152,Біденс Ауреа золотистий
http://semena.in.ua/catalog/?SECTION_ID=497&ELEMENT_ID=3153,Чорнобривці Сігнет лимонні
http://semena.in.ua/catalog/?SECTION_ID=497&ELEMENT_ID=3151,Айстра принцесса бенарі суміш
http://semena.in.ua/catalog/?SECTION_ID=497&ELEMENT_ID=3150,Айстра піоновидна дюшес суміш
http://semena.in.ua/catalog/?SECTION_ID=497&ELEMENT_ID=3149,Айстра низькоросла камео суміш
http://semena.in.ua/catalog/?SECTION_ID=497&ELEMENT_ID=3148,Айстра голчаста гала суміш 
http://semena.in.ua/catalog/?SECTION_ID=497&ELEMENT_ID=3100,"Ешольція махрова суміш ""Балерина"""
http://semena.in.ua/catalog/?SECTION_ID=497&PAGEN_2=2,Однорічники
http://semena.in.ua/catalog/?SECTION_ID=497&PAGEN_2=3,Однорічники
http://semena.in.ua/catalog/?SECTION_ID=497&PAGEN_2=5,Однорічники
http://semena.in.ua/catalog/?SECTION_ID=497&PAGEN_2=4,Однорічники
http://semena.in.ua/catalog/?SECTION_ID=497&PAGEN_2=6,Однорічники
http://semena.in.ua/catalog/?SECTION_ID=497&ELEMENT_ID=3099,Еустома сіндерелла F1 суміш
http://semena.in.ua/catalog/?SECTION_ID=465&ELEMENT_ID=3197,Кукурудза Оверленд F1
http://semena.in.ua/catalog/?SECTION_ID=465&ELEMENT_ID=2873,Джубілі F1
http://semena.in.ua/catalog/?SECTION_ID=465&ELEMENT_ID=2836,Трофі F1
http://semena.in.ua/catalog/?SECTION_ID=497&SHOWALL_2=1,Однорічники
http://semena.in.ua/catalog/?SECTION_ID=465&ELEMENT_ID=2788,Спіріт F1
http://semena.in.ua/catalog/?SECTION_ID=465&ELEMENT_ID=2330,Супер Санданс F1
http://semena.in.ua/catalog/?SECTION_ID=467&ELEMENT_ID=3187,Редко F1
http://semena.in.ua/catalog/?SECTION_ID=467&ELEMENT_ID=2960,Роял Шансон
http://semena.in.ua/catalog/?SECTION_ID=467&ELEMENT_ID=2959,Абако F1
http://semena.in.ua/catalog/?SECTION_ID=467&ELEMENT_ID=2945,Каріні
http://semena.in.ua/catalog/?SECTION_ID=467&ELEMENT_ID=2944,Канада F1
http://semena.in.ua/catalog/?SECTION_ID=467&ELEMENT_ID=2874,Байон F1
http://semena.in.ua/catalog/?SECTION_ID=467&ELEMENT_ID=2794,Віта Лонга
http://semena.in.ua/catalog/?SECTION_ID=467&ELEMENT_ID=2793,Скарла
http://semena.in.ua/catalog/?SECTION_ID=467&ELEMENT_ID=2792,Сіркана F1
http://semena.in.ua/catalog/?SECTION_ID=467&ELEMENT_ID=2791,Лагуна F1
http://semena.in.ua/catalog/?SECTION_ID=467&ELEMENT_ID=2790,Елеганс F1
http://semena.in.ua/catalog/?SECTION_ID=467&ELEMENT_ID=2789,Колтан F1
http://semena.in.ua/catalog/?SECTION_ID=467&ELEMENT_ID=2343,Шантане Ред Кор
http://semena.in.ua/catalog/?SECTION_ID=467&ELEMENT_ID=2342,Скарла супер
http://semena.in.ua/catalog/?SECTION_ID=467&ELEMENT_ID=2341,Нантес
http://semena.in.ua/catalog/?SECTION_ID=467&ELEMENT_ID=2340,Монанта
http://semena.in.ua/catalog/?SECTION_ID=463&ELEMENT_ID=3119,Єлоу Хаус
http://semena.in.ua/catalog/?SECTION_ID=467&ELEMENT_ID=2339,Каротан
http://semena.in.ua/catalog/?SECTION_ID=463&ELEMENT_ID=2948,Іскандер F1
http://semena.in.ua/catalog/?SECTION_ID=463&ELEMENT_ID=2867,Карізма F1
http://semena.in.ua/catalog/?SECTION_ID=463&ELEMENT_ID=2773,Сангрум F1
http://semena.in.ua/catalog/?SECTION_ID=463&ELEMENT_ID=2772,Карамболь F1
http://semena.in.ua/catalog/?SECTION_ID=463&ELEMENT_ID=2771,Кавілі F1
http://semena.in.ua/catalog/?SECTION_ID=463&ELEMENT_ID=2313,Мостра F1
http://semena.in.ua/catalog/?SECTION_ID=463&ELEMENT_ID=2312,Мері Голд F1
http://semena.in.ua/catalog/?SECTION_ID=463&ELEMENT_ID=2311,Кора F1
http://semena.in.ua/catalog/?SECTION_ID=463&ELEMENT_ID=2310,Алія F1
http://semena.in.ua/catalog/?SECTION_ID=468&ELEMENT_ID=3125,Вагнер F1
http://semena.in.ua/catalog/?SECTION_ID=468&ELEMENT_ID=3124,Чайковський F1
http://semena.in.ua/catalog/?SECTION_ID=468&ELEMENT_ID=3122,Атлантіс F1
http://semena.in.ua/catalog/?SECTION_ID=468&ELEMENT_ID=3040,Цікрон F1
http://semena.in.ua/catalog/?SECTION_ID=468&ELEMENT_ID=3039,Мадіта F1
http://semena.in.ua/catalog/?SECTION_ID=468&ELEMENT_ID=3038,Джустіна F1
http://semena.in.ua/catalog/?SECTION_ID=468&ELEMENT_ID=3037,Ардія F1
http://semena.in.ua/catalog/?SECTION_ID=468&ELEMENT_ID=2997,Пучіні F1
http://semena.in.ua/catalog/?SECTION_ID=468&ELEMENT_ID=2963,Надежда F1
http://semena.in.ua/catalog/?SECTION_ID=468&ELEMENT_ID=2962,Меренга F1
http://semena.in.ua/catalog/?SECTION_ID=468&ELEMENT_ID=2875,Аристократ F1
http://semena.in.ua/catalog/?SECTION_ID=468&ELEMENT_ID=2838,Артист F1
http://semena.in.ua/catalog/?SECTION_ID=468&ELEMENT_ID=2837,Алекс F1
http://semena.in.ua/catalog/?SECTION_ID=468&ELEMENT_ID=2752,Спарта F1
http://semena.in.ua/catalog/?SECTION_ID=468&ELEMENT_ID=2751,Сатіна F1
http://semena.in.ua/catalog/?SECTION_ID=468&ELEMENT_ID=2750,Пасамонте F1
http://semena.in.ua/catalog/?SECTION_ID=468&ELEMENT_ID=2749,Пасалімо F1
http://semena.in.ua/catalog/?SECTION_ID=468&ELEMENT_ID=2748,Октопус F1
http://semena.in.ua/catalog/?SECTION_ID=468&ELEMENT_ID=2747,Гектор F1
http://semena.in.ua/catalog/?SECTION_ID=468&ELEMENT_ID=2746,Еколь F1
http://semena.in.ua/catalog/?SECTION_ID=468&ELEMENT_ID=2745,Делпіна F1
http://semena.in.ua/catalog/?SECTION_ID=468&ELEMENT_ID=2744,Кріспіна F1
http://semena.in.ua/catalog/?SECTION_ID=468&ELEMENT_ID=2743,Бетіна F1
http://semena.in.ua/catalog/?SECTION_ID=468&ELEMENT_ID=2742,Барвіна F1
http://semena.in.ua/catalog/?SECTION_ID=468&PAGEN_2=2,Огiрки
http://semena.in.ua/catalog/?SECTION_ID=468&ELEMENT_ID=2554,Мірабелл F1
http://semena.in.ua/catalog/?SECTION_ID=468&ELEMENT_ID=2555,Престо F1
http://semena.in.ua/catalog/?SECTION_ID=468&SHOWALL_2=1,Огiрки
http://semena.in.ua/catalog/?SECTION_ID=468&ELEMENT_ID=2741,Афина F1
http://semena.in.ua/catalog/?SECTION_ID=564&ELEMENT_ID=2841,"Патісон білий ""Перлинка"""
http://semena.in.ua/catalog/?SECTION_ID=564&ELEMENT_ID=2964,Сані Делайт F1
http://semena.in.ua/catalog/?SECTION_ID=462&ELEMENT_ID=3215,Монарда (бергамот)
http://semena.in.ua/catalog/?SECTION_ID=462&ELEMENT_ID=3213,Кавовий цикорій
http://semena.in.ua/catalog/?SECTION_ID=462&ELEMENT_ID=3177,Ромашка лікарська
http://semena.in.ua/catalog/?SECTION_ID=462&ELEMENT_ID=3190,Кріп Анет
http://semena.in.ua/catalog/?SECTION_ID=462&ELEMENT_ID=3176,Базилік зелений гвоздичний
http://semena.in.ua/catalog/?SECTION_ID=462&ELEMENT_ID=3175,Базилік зелений анісовий  аромат
http://semena.in.ua/catalog/?SECTION_ID=462&ELEMENT_ID=3174,Базилік салатний мамонт
http://semena.in.ua/catalog/?SECTION_ID=462&ELEMENT_ID=3127,Рукола (рокет-салат)
http://semena.in.ua/catalog/?SECTION_ID=462&ELEMENT_ID=3126,"Коріандр Салатний ""Слоуболт"""
http://semena.in.ua/catalog/?SECTION_ID=462&ELEMENT_ID=3043,Любисток лікарський
http://semena.in.ua/catalog/?SECTION_ID=462&ELEMENT_ID=3044,Стевія
http://semena.in.ua/catalog/?SECTION_ID=462&ELEMENT_ID=3042,Лимонна трава (цимбопогон)
http://semena.in.ua/catalog/?SECTION_ID=462&ELEMENT_ID=3041,Бораго (огіркова трава)
http://semena.in.ua/catalog/?SECTION_ID=462&ELEMENT_ID=2878,Коріандр салатний  Слоуболт
http://semena.in.ua/catalog/?SECTION_ID=462&ELEMENT_ID=2877,"Базилік ""Червоний рубін"""
http://semena.in.ua/catalog/?SECTION_ID=462&ELEMENT_ID=2770,Щавель Бельвільський
http://semena.in.ua/catalog/?SECTION_ID=462&ELEMENT_ID=2768,Чебрець
http://semena.in.ua/catalog/?SECTION_ID=462&ELEMENT_ID=2769,"Селера листова ""Вестленд"""
http://semena.in.ua/catalog/?SECTION_ID=462&ELEMENT_ID=2766,Шпинат Спирос F1
http://semena.in.ua/catalog/?SECTION_ID=462&ELEMENT_ID=2767,Тархун (естрагон)
http://semena.in.ua/catalog/?SECTION_ID=462&ELEMENT_ID=2765,Шавлія лікарська
http://semena.in.ua/catalog/?SECTION_ID=462&ELEMENT_ID=2764,Ревінь
http://semena.in.ua/catalog/?SECTION_ID=462&ELEMENT_ID=2763,"Петрушка коренева ""Цукрова"""
http://semena.in.ua/catalog/?SECTION_ID=462&ELEMENT_ID=2762,Орегано (Майоран)
http://semena.in.ua/catalog/?SECTION_ID=462&ELEMENT_ID=2760,Шпинат Боа
http://semena.in.ua/catalog/?SECTION_ID=462&ELEMENT_ID=2759,"Артишок ""Зелений глобус"""
http://semena.in.ua/catalog/?SECTION_ID=462&ELEMENT_ID=2761,Селера коренева Монарх
http://semena.in.ua/catalog/?SECTION_ID=462&ELEMENT_ID=2758,Селера Черешкова Аніта
http://semena.in.ua/catalog/?SECTION_ID=462&ELEMENT_ID=2757,Аніс
http://semena.in.ua/catalog/?SECTION_ID=462&ELEMENT_ID=2551,Чабер садовий
http://semena.in.ua/catalog/?SECTION_ID=462&SHOWALL_2=1,Пряні та зелені
http://semena.in.ua/catalog/?SECTION_ID=462&PAGEN_2=2,Пряні та зелені
http://semena.in.ua/catalog/?SECTION_ID=469&ELEMENT_ID=3218,асті єллоу
http://semena.in.ua/catalog/?SECTION_ID=469&ELEMENT_ID=3219,Асті ред
http://semena.in.ua/catalog/?SECTION_ID=469&ELEMENT_ID=3216,тореодор ред
http://semena.in.ua/catalog/?SECTION_ID=469&ELEMENT_ID=2876,Юпітер
http://semena.in.ua/catalog/?SECTION_ID=469&ELEMENT_ID=3217,тореодор єллоу
http://semena.in.ua/catalog/?SECTION_ID=469&ELEMENT_ID=2839,Фламінго F1
http://semena.in.ua/catalog/?SECTION_ID=469&ELEMENT_ID=2801,Самандер F1
http://semena.in.ua/catalog/?SECTION_ID=469&ELEMENT_ID=2800,Капі F1
http://semena.in.ua/catalog/?SECTION_ID=469&ELEMENT_ID=2802,Сноувайт F1
http://semena.in.ua/catalog/?SECTION_ID=469&ELEMENT_ID=2799,Іланга F1
http://semena.in.ua/catalog/?SECTION_ID=469&ELEMENT_ID=2798,Джеміні F1
http://semena.in.ua/catalog/?SECTION_ID=469&ELEMENT_ID=2797,Клаудіо F1
http://semena.in.ua/catalog/?SECTION_ID=469&ELEMENT_ID=2796,Блонді F1
http://semena.in.ua/catalog/?SECTION_ID=469&ELEMENT_ID=2795,Ангаріка F1
http://semena.in.ua/catalog/?SECTION_ID=469&ELEMENT_ID=2681,Мазурка F1
http://semena.in.ua/catalog/?SECTION_ID=469&ELEMENT_ID=2359,Мадонна F1
http://semena.in.ua/catalog/?SECTION_ID=470&ELEMENT_ID=3129,Мондіал F1
http://semena.in.ua/catalog/?SECTION_ID=469&ELEMENT_ID=2357,Аладін
http://semena.in.ua/catalog/?SECTION_ID=470&ELEMENT_ID=3128, Анабель F1
http://semena.in.ua/catalog/?SECTION_ID=470&ELEMENT_ID=2804,Сора
http://semena.in.ua/catalog/?SECTION_ID=470&ELEMENT_ID=2803,Дабел F1
http://semena.in.ua/catalog/?SECTION_ID=470&ELEMENT_ID=2364,Ронділ
http://semena.in.ua/catalog/?SECTION_ID=470&ELEMENT_ID=2363,Рудольф
http://semena.in.ua/catalog/?SECTION_ID=470&ELEMENT_ID=2362,Французький сніданок
http://semena.in.ua/catalog/?SECTION_ID=470&ELEMENT_ID=2361,Кримсон Гигант
http://semena.in.ua/catalog/?SECTION_ID=470&ELEMENT_ID=2360,Джолі
http://semena.in.ua/catalog/?SECTION_ID=471&ELEMENT_ID=2879,"Редька червона ""Астор"""
http://semena.in.ua/catalog/?SECTION_ID=471&ELEMENT_ID=2559,Дайкон японський
http://semena.in.ua/catalog/?SECTION_ID=471&ELEMENT_ID=2366,Редька чорна
http://semena.in.ua/catalog/?SECTION_ID=472&ELEMENT_ID=3207,ЗДОРОВИЙ СНІДАНОК
http://semena.in.ua/catalog/?SECTION_ID=472&ELEMENT_ID=3206,ВІТАМІННИЙ НАБІР
http://semena.in.ua/catalog/?SECTION_ID=472&ELEMENT_ID=3205,ЩЕДРА ГРЯДКА
http://semena.in.ua/catalog/?SECTION_ID=472&ELEMENT_ID=3204,САЛАТНА ФАНТАЗІЯ
http://semena.in.ua/catalog/?SECTION_ID=472&ELEMENT_ID=3203,ФЕЄРІЯ КОЛЬОРІВ
http://semena.in.ua/catalog/?SECTION_ID=472&ELEMENT_ID=3196,Салат Айсберг Фрілліс
http://semena.in.ua/catalog/?SECTION_ID=472&ELEMENT_ID=3046,Люберон
http://semena.in.ua/catalog/?SECTION_ID=472&ELEMENT_ID=2880,Афіціон
http://semena.in.ua/catalog/?SECTION_ID=472&ELEMENT_ID=2812,Платинас RZ
http://semena.in.ua/catalog/?SECTION_ID=472&ELEMENT_ID=2811,Левістро RZ
http://semena.in.ua/catalog/?SECTION_ID=472&ELEMENT_ID=2810,Лагунас RZ
http://semena.in.ua/catalog/?SECTION_ID=472&ELEMENT_ID=2809,Фортунас RZ
http://semena.in.ua/catalog/?SECTION_ID=472&ELEMENT_ID=3045,Касабелла
http://semena.in.ua/catalog/?SECTION_ID=472&ELEMENT_ID=2808,Фіорет RZ
http://semena.in.ua/catalog/?SECTION_ID=472&ELEMENT_ID=2807,Констас
http://semena.in.ua/catalog/?SECTION_ID=472&ELEMENT_ID=2806,Сігал RZ
http://semena.in.ua/catalog/?SECTION_ID=472&ELEMENT_ID=2368,Локарно
http://semena.in.ua/catalog/?SECTION_ID=472&ELEMENT_ID=2805,Кармезі RZ
http://semena.in.ua/catalog/?SECTION_ID=554&ELEMENT_ID=2872,"Квасоля овочева спаржева ""Лаура"""
http://semena.in.ua/catalog/?SECTION_ID=554&ELEMENT_ID=2827,Джина
http://semena.in.ua/novaflore/gnomiki_30m2/,30m2
http://semena.in.ua/catalog/?SECTION_ID=554&ELEMENT_ID=2828,Палома
http://semena.in.ua/novaflore/tsvetochnaya_polyana_gnomiki/,Цветочная поляна «Гномики»
http://semena.in.ua/novaflore/tsvetochnaya_polyana_druzya_sada/,Цветочная поляна «Друзья сада»
http://semena.in.ua/novaflore/100m2/,100m2
http://semena.in.ua/novaflore/druzya_sada_100m2/,100m2
http://semena.in.ua/novaflore/7m2/,7m2
http://semena.in.ua/novaflore/druzya_sada_30m2/,30m2
http://semena.in.ua/novaflore/tsvetochnaya_polyana_letnie_tsvety/,Цветочная поляна «Летние цветы»
http://semena.in.ua/novaflore/letnie_tsvety_30m2/,30m2
http://semena.in.ua/novaflore/letnie_tsvety_7m2/,7m2
http://semena.in.ua/novaflore/tsvetochnaya_polyana_osobennye_pochvy/,Цветочная поляна «Особенные почвы»
http://semena.in.ua/novaflore/osobennye_pochvy_7m2/,7m2
http://semena.in.ua/novaflore/druzya_sada_7m2/,7m2
http://semena.in.ua/catalog/?SECTION_ID=474&ELEMENT_ID=3191,Бріксол F1
http://semena.in.ua/catalog/?SECTION_ID=474&ELEMENT_ID=3137,Уракан F1
http://semena.in.ua/catalog/?SECTION_ID=474&ELEMENT_ID=3136,Уно Россо F1
http://semena.in.ua/novaflore/osobennye_pochvy_30m2/,30m2
http://semena.in.ua/catalog/?SECTION_ID=474&ELEMENT_ID=3135,Тропікал Джем F1
http://semena.in.ua/catalog/?SECTION_ID=474&ELEMENT_ID=3134,Махітос F1
http://semena.in.ua/catalog/?SECTION_ID=474&ELEMENT_ID=3133,Флорида 47 F1
http://semena.in.ua/catalog/?SECTION_ID=474&ELEMENT_ID=3132,Цілао F1
http://semena.in.ua/catalog/?SECTION_ID=474&ELEMENT_ID=3131,Брісколіно F1
http://semena.in.ua/catalog/?SECTION_ID=474&ELEMENT_ID=3130,Афен F1
http://semena.in.ua/catalog/?SECTION_ID=474&ELEMENT_ID=3049,Точ F1 (сливка)
http://semena.in.ua/catalog/?SECTION_ID=474&ELEMENT_ID=3048,Гармоні  F1 
http://semena.in.ua/catalog/?SECTION_ID=474&ELEMENT_ID=2966,Єлоу Рівер F1
http://semena.in.ua/catalog/?SECTION_ID=474&ELEMENT_ID=2965,Полічіно F1
http://semena.in.ua/catalog/?SECTION_ID=474&ELEMENT_ID=2955,Президент II F1
http://semena.in.ua/catalog/?SECTION_ID=474&ELEMENT_ID=2951,Тойото F1
http://semena.in.ua/catalog/?SECTION_ID=474&ELEMENT_ID=2881,Пінк Топ F1
http://semena.in.ua/catalog/?SECTION_ID=474&ELEMENT_ID=2821,Тарпан F1
http://semena.in.ua/catalog/?SECTION_ID=474&ELEMENT_ID=2820,Солероссо F1
http://semena.in.ua/catalog/?SECTION_ID=474&ELEMENT_ID=2819,Скіф F1
http://semena.in.ua/catalog/?SECTION_ID=474&ELEMENT_ID=2818,Шеді Леді F1
http://semena.in.ua/catalog/?SECTION_ID=474&ELEMENT_ID=2816,Ламантин F1
http://semena.in.ua/catalog/?SECTION_ID=474&ELEMENT_ID=2814,Дональд F1
http://semena.in.ua/catalog/?SECTION_ID=474&ELEMENT_ID=2817,Лампо F1
http://semena.in.ua/catalog/?SECTION_ID=474&ELEMENT_ID=2815,Інкас F1
http://semena.in.ua/catalog/?SECTION_ID=474&ELEMENT_ID=2813,Класік F1
http://semena.in.ua/catalog/?SECTION_ID=474&ELEMENT_ID=2433,Сіта F1
http://semena.in.ua/catalog/?SECTION_ID=474&ELEMENT_ID=2430,Малік F1
http://semena.in.ua/catalog/?SECTION_ID=474&ELEMENT_ID=2557,Цілао F1
http://semena.in.ua/catalog/?SECTION_ID=474&ELEMENT_ID=2426,Антінея F1
http://semena.in.ua/catalog/?SECTION_ID=474&SHOWALL_2=1,Томати
http://semena.in.ua/catalog/?SECTION_ID=474&PAGEN_2=2,Томати
http://semena.in.ua/catalog/?SECTION_ID=466&ELEMENT_ID=3195,Цибуля на перо Вінтер Сільвер
http://semena.in.ua/catalog/?SECTION_ID=474&ELEMENT_ID=2428,Бріксол F1
http://semena.in.ua/catalog/?SECTION_ID=466&ELEMENT_ID=2996,Екстра Ерлі Голд F1
http://semena.in.ua/catalog/?SECTION_ID=466&ELEMENT_ID=2968,Стерлінг F1
http://semena.in.ua/catalog/?SECTION_ID=466&ELEMENT_ID=2967,Кенді F1
http://semena.in.ua/catalog/?SECTION_ID=466&ELEMENT_ID=2840,Параде
http://semena.in.ua/catalog/?SECTION_ID=466&ELEMENT_ID=2824,Пандеро F1
http://semena.in.ua/catalog/?SECTION_ID=466&ELEMENT_ID=2825,Універсо F1
http://semena.in.ua/catalog/?SECTION_ID=466&ELEMENT_ID=2823,Хілтон F1
http://semena.in.ua/catalog/?SECTION_ID=466&ELEMENT_ID=2822,Комета F1
http://semena.in.ua/catalog/?SECTION_ID=466&ELEMENT_ID=2580,Денсіті
http://semena.in.ua/catalog/?SECTION_ID=466&ELEMENT_ID=2552,Ексібішен
http://semena.in.ua/catalog/?SECTION_ID=466&ELEMENT_ID=2436,Копер Бол
http://semena.in.ua/catalog/?SECTION_ID=466&ELEMENT_ID=2336,шнітт
http://semena.in.ua/catalog/?SECTION_ID=466&ELEMENT_ID=2335,Тамара F1
http://semena.in.ua/catalog/?SECTION_ID=466&ELEMENT_ID=2334,Ред Барон
http://semena.in.ua/catalog/?SECTION_ID=466&ELEMENT_ID=2333,Дайтона F1
http://semena.in.ua/catalog/?SECTION_ID=466&ELEMENT_ID=2332,Голіас
http://semena.in.ua/download/prof-veg01-03.xls,
http://semena.in.ua/download/prof-flow.xls,
http://semena.in.ua/download/price_evro-grass2011.xls,
http://semena.in.ua/catalog/?SECTION_ID=466&ELEMENT_ID=2331,Гледстоун
http://semena.in.ua/download/mineral.xls,
http://semena.in.ua/download/zahist2.xls,
http://semena.in.ua/download/price-mini-flow.xls,
http://semena.in.ua/download/novafloor.xls,
http://semena.in.ua/download/price-mini-veg.xls,
http://semena.in.ua/download/trifolium.xls,
http://semena.in.ua/content/media/photos/2995/,Медиа
http://semena.in.ua/content/media/photos/3115/,Медиа
http://semena.in.ua/catalog/?SECTION_ID=515&ELEMENT_ID=2922,Ангаріка F1
http://semena.in.ua/catalog/?SECTION_ID=515&ELEMENT_ID=2925,Хай Флай F1 
http://semena.in.ua/catalog/?SECTION_ID=515&ELEMENT_ID=2926,Хуеро F1 
http://semena.in.ua/catalog/?SECTION_ID=515&ELEMENT_ID=2924,Ред Девіл F1 
http://semena.in.ua/catalog/?SECTION_ID=515&ELEMENT_ID=2923,Біг Дедді F1 
http://semena.in.ua/catalog/?SECTION_ID=515&ELEMENT_ID=2927,Черрі Фаір F1 
http://semena.in.ua/catalog/?SECTION_ID=552&ELEMENT_ID=2938,Емір F1
http://semena.in.ua/catalog/?SECTION_ID=552&ELEMENT_ID=2643,Гармонія F1
http://semena.in.ua/catalog/?SECTION_ID=552&ELEMENT_ID=2936,Сан Ред F1
http://semena.in.ua/catalog/?SECTION_ID=552&ELEMENT_ID=2933,Алтаміра F1 
http://semena.in.ua/catalog/?SECTION_ID=552&ELEMENT_ID=2648,Толстой F1
http://semena.in.ua/catalog/?SECTION_ID=552&ELEMENT_ID=2935,Міні Бол F1
http://semena.in.ua/catalog/?SECTION_ID=552&ELEMENT_ID=2934,К20.48 F1
http://semena.in.ua/catalog/?SECTION_ID=552&ELEMENT_ID=2937,Ель Гордо  F1
http://semena.in.ua/catalog/?SECTION_ID=552&ELEMENT_ID=2640,Алджуд F1
http://semena.in.ua/catalog/?SECTION_ID=552&ELEMENT_ID=2642,Бетмен F1
http://semena.in.ua/catalog/?SECTION_ID=552&ELEMENT_ID=2646,Сіта F1
http://semena.in.ua/catalog/?SECTION_ID=552&ELEMENT_ID=2644,Дон Хосе F1
http://semena.in.ua/catalog/?SECTION_ID=552&ELEMENT_ID=2641,Антінея F1
http://semena.in.ua/catalog/?SECTION_ID=552&ELEMENT_ID=2647,Тести F1
http://semena.in.ua/catalog/?SECTION_ID=468&ELEMENT_ID=2526,Кібрія F1
http://semena.in.ua/catalog/?SECTION_ID=552&ELEMENT_ID=2645,Малік F1
http://semena.in.ua/catalog/?SECTION_ID=468&ELEMENT_ID=2553,Маша F1
http://semena.in.ua/catalog/?SECTION_ID=468&ELEMENT_ID=2353,Амант F1
http://semena.in.ua/catalog/?SECTION_ID=468&ELEMENT_ID=2349,Опера F1
http://semena.in.ua/catalog/?SECTION_ID=468&ELEMENT_ID=2355,Вокал F1
http://semena.in.ua/catalog/?SECTION_ID=468&ELEMENT_ID=2524,Наташа F1
http://semena.in.ua/catalog/?SECTION_ID=468&ELEMENT_ID=2354,Амур F1
http://semena.in.ua/catalog/?SECTION_ID=480&ELEMENT_ID=2682,EG 250 Декоративний
http://semena.in.ua/catalog/?SECTION_ID=480&ELEMENT_ID=2395,Ліліпут
http://semena.in.ua/catalog/?SECTION_ID=503&ELEMENT_ID=2578,Мільвус
http://semena.in.ua/catalog/?SECTION_ID=479&ELEMENT_ID=2685,EG 150
http://semena.in.ua/catalog/?SECTION_ID=479&ELEMENT_ID=2684,EG 140
http://semena.in.ua/catalog/?SECTION_ID=503&ELEMENT_ID=2577,Ліфлекс
http://semena.in.ua/catalog/?SECTION_ID=479&ELEMENT_ID=2683,EG 130
http://semena.in.ua/catalog/?SECTION_ID=479&ELEMENT_ID=2394,Лізуна
http://semena.in.ua/catalog/?SECTION_ID=478&ELEMENT_ID=2687,EG 440 Спортивний
http://semena.in.ua/catalog/?SECTION_ID=478&ELEMENT_ID=2686,EG 420 Спортивний
http://semena.in.ua/catalog/?SECTION_ID=478&ELEMENT_ID=2393,Ліберо
http://semena.in.ua/catalog/?SECTION_ID=527&ELEMENT_ID=2992,Петунія Фрост
http://semena.in.ua/catalog/?SECTION_ID=527&ELEMENT_ID=2991,Петунія Ура
http://semena.in.ua/catalog/?SECTION_ID=527&ELEMENT_ID=2989,Петунія Рамблін
http://semena.in.ua/catalog/?SECTION_ID=527&ELEMENT_ID=2990,Петунія Ультра
http://semena.in.ua/catalog/?SECTION_ID=527&ELEMENT_ID=2988,Петунія Плюш
http://semena.in.ua/catalog/?SECTION_ID=527&ELEMENT_ID=2987,Петунія Пікобелла
http://semena.in.ua/catalog/?SECTION_ID=527&ELEMENT_ID=2986,Петунія Браво
http://semena.in.ua/catalog/?SECTION_ID=527&ELEMENT_ID=2699,Петунія Ізі Вейв
http://semena.in.ua/catalog/?SECTION_ID=527&ELEMENT_ID=2698,Петунія Дуо Мікс
http://semena.in.ua/catalog/?SECTION_ID=527&ELEMENT_ID=2697,Петунія Дрімс
http://semena.in.ua/catalog/?SECTION_ID=527&ELEMENT_ID=2694,Петунія Вандер Вейв
http://semena.in.ua/catalog/?SECTION_ID=527&ELEMENT_ID=2696,Петунія Глоріоза
http://semena.in.ua/catalog/?SECTION_ID=527&ELEMENT_ID=2693,Петунія Пірует
http://semena.in.ua/catalog/?SECTION_ID=527&ELEMENT_ID=2679,Петунія каскадна Самба Ф1
http://semena.in.ua/catalog/?SECTION_ID=527&ELEMENT_ID=2568,Петунія Карликова
http://semena.in.ua/catalog/?SECTION_ID=527&ELEMENT_ID=2567,Петунія Ампельна
http://semena.in.ua/catalog/?SECTION_ID=527&ELEMENT_ID=2566,Петунія Танго Ф1
http://semena.in.ua/catalog/?SECTION_ID=527&ELEMENT_ID=2565,Петунія Лімбо Ф1
http://semena.in.ua/catalog/?SECTION_ID=527&ELEMENT_ID=2564,Петунія Мамбо Ф1
http://semena.in.ua/catalog/?SECTION_ID=481&ELEMENT_ID=2688,EG 320
http://semena.in.ua/catalog/?SECTION_ID=527&ELEMENT_ID=2563,Петунія Ламбада А1
http://semena.in.ua/catalog/?SECTION_ID=481&ELEMENT_ID=2396,Ліомбра
http://semena.in.ua/catalog/?SECTION_ID=529&ELEMENT_ID=2570,Агератум
http://semena.in.ua/catalog/?SECTION_ID=528&ELEMENT_ID=2970,Антірінум Увертюра Ф1 суміш
http://semena.in.ua/catalog/?SECTION_ID=528&ELEMENT_ID=2969,Антірінум Ла Белла Ф1 суміш
http://semena.in.ua/catalog/?SECTION_ID=528&ELEMENT_ID=2569,Антіріум
http://semena.in.ua/content/news/121/2901/,Новий оптово-роздрібний магазин
http://semena.in.ua/content/news/121/2882/,"Міжнародна виставка ""ІнтерАгро 2012"""
http://semena.in.ua/content/news/121/110/,Сезон 2011-12 г.г. 
http://semena.in.ua/catalog/?SECTION_ID=536&ELEMENT_ID=2689,Aліссум Сніжинка
http://semena.in.ua/catalog/?SECTION_ID=532&ELEMENT_ID=2690,Бальзамін Дівайн суміш
http://semena.in.ua/content/news/121/2900/,"Новий інтернет партнер ТМ ""Професійне насіння"""
http://semena.in.ua/catalog/?SECTION_ID=532&ELEMENT_ID=2574,Бальзамін
http://semena.in.ua/catalog/?SECTION_ID=531&ELEMENT_ID=2572,Брахікома
http://semena.in.ua/catalog/?SECTION_ID=571&ELEMENT_ID=2975,Віола Колоссус
http://semena.in.ua/catalog/?SECTION_ID=530&ELEMENT_ID=2571,Біденс Самсара
http://semena.in.ua/catalog/?SECTION_ID=572&ELEMENT_ID=2976,Газанія Кісс
http://semena.in.ua/catalog/?SECTION_ID=533&ELEMENT_ID=2979,Гвоздика Суперпарфайт Ф1 
http://semena.in.ua/catalog/?SECTION_ID=533&ELEMENT_ID=2978,Гвоздика Діабунда
http://semena.in.ua/catalog/?SECTION_ID=533&ELEMENT_ID=2977,Гвоздика Барбаріні
http://semena.in.ua/catalog/?SECTION_ID=571&ELEMENT_ID=2974,Віола Дельта
http://semena.in.ua/catalog/?SECTION_ID=533&ELEMENT_ID=2677,Гвоздика міжвидова Чіба Ф1
http://semena.in.ua/catalog/?SECTION_ID=533&ELEMENT_ID=2676,Гвоздика китайська Діана Ф1
http://semena.in.ua/catalog/?SECTION_ID=574&ELEMENT_ID=2980,Гербера Ягуар
http://semena.in.ua/catalog/?SECTION_ID=533&ELEMENT_ID=2675,Гвоздика китайська Грейс Ф1
http://semena.in.ua/catalog/?SECTION_ID=538&ELEMENT_ID=2692,Діхондра Срібний водоспад
http://semena.in.ua/catalog/?SECTION_ID=537&ELEMENT_ID=2972,Бегонія Бада Бум
http://semena.in.ua/catalog/?SECTION_ID=537&ELEMENT_ID=2971,Бегонія  Бада Бінг Ф1
http://semena.in.ua/catalog/?SECTION_ID=537&ELEMENT_ID=2691,Бегонія Дрегон Вінг
http://semena.in.ua/catalog/?SECTION_ID=575&ELEMENT_ID=2982,Еустома Сіндерелла
http://semena.in.ua/catalog/?SECTION_ID=575&ELEMENT_ID=2981,Еустома Ліззі
http://semena.in.ua/catalog/?SECTION_ID=576&ELEMENT_ID=2983,Катарантус Кора Каскад Ф1 
http://semena.in.ua/catalog/?SECTION_ID=577&ELEMENT_ID=2985,Перикаліс Венеція
http://semena.in.ua/catalog/?SECTION_ID=540&ELEMENT_ID=2700,Примула Прімлет суміш
http://semena.in.ua/catalog/?SECTION_ID=534&ELEMENT_ID=2984,Пеларгонія Мультиблум
http://semena.in.ua/catalog/?SECTION_ID=539&ELEMENT_ID=2695,Портулак Маргаріта
http://semena.in.ua/catalog/?SECTION_ID=534&ELEMENT_ID=2678,Пеларгонія Апачі
http://semena.in.ua/catalog/?SECTION_ID=578&ELEMENT_ID=2993,Саксіфрага Хайлендер
http://semena.in.ua/catalog/?SECTION_ID=568&ELEMENT_ID=2926,Хуеро F1 
http://semena.in.ua/catalog/?SECTION_ID=568&ELEMENT_ID=2925,Хай Флай F1 
http://semena.in.ua/catalog/?SECTION_ID=568&ELEMENT_ID=2923,Біг Дедді F1 
http://semena.in.ua/catalog/?SECTION_ID=568&ELEMENT_ID=2927,Черрі Фаір F1 
http://semena.in.ua/catalog/?SECTION_ID=568&ELEMENT_ID=2922,Ангаріка F1
http://semena.in.ua/catalog/?SECTION_ID=551&ELEMENT_ID=2941,Уракан F1
http://semena.in.ua/catalog/?SECTION_ID=551&ELEMENT_ID=2940,Тріпел Ред F1
http://semena.in.ua/catalog/?SECTION_ID=551&ELEMENT_ID=2939,Кімберліно F1
http://semena.in.ua/catalog/?SECTION_ID=551&ELEMENT_ID=2714,УНО РОССО F1
http://semena.in.ua/catalog/?SECTION_ID=568&ELEMENT_ID=2924,Ред Девіл F1 
http://semena.in.ua/catalog/?SECTION_ID=551&ELEMENT_ID=2712,ЮДЖІ-РЕД F1
http://semena.in.ua/catalog/?SECTION_ID=551&ELEMENT_ID=2711,БРІКСОЛ F1
http://semena.in.ua/catalog/?SECTION_ID=551&ELEMENT_ID=2713,UG-8168 F1
http://semena.in.ua/catalog/?SECTION_ID=551&ELEMENT_ID=2710,Б 169 F1
http://semena.in.ua/catalog/?SECTION_ID=551&ELEMENT_ID=2709,Тропікал Джем
http://semena.in.ua/catalog/?SECTION_ID=551&ELEMENT_ID=2657,Цілао F1
http://semena.in.ua/catalog/?SECTION_ID=551&ELEMENT_ID=2708,Унірекс F1
http://semena.in.ua/catalog/?SECTION_ID=551&ELEMENT_ID=2655,Річі F1
http://semena.in.ua/catalog/?SECTION_ID=551&ELEMENT_ID=2654,Ріо Гранде
http://semena.in.ua/catalog/?SECTION_ID=551&ELEMENT_ID=2653,Прима
http://semena.in.ua/catalog/?SECTION_ID=551&ELEMENT_ID=2652,Полбіг F1
http://semena.in.ua/catalog/?SECTION_ID=551&ELEMENT_ID=2651,Муна F1
http://semena.in.ua/catalog/?SECTION_ID=551&ELEMENT_ID=2650,Леандра F1
http://semena.in.ua/catalog/?SECTION_ID=551&ELEMENT_ID=2649,Бенито
http://semena.in.ua/catalog/?SECTION_ID=535&ELEMENT_ID=2680,Сальвія низькоросла Редді
http://semena.in.ua/catalog/?SECTION_ID=548&ELEMENT_ID=3113,"Конюшина лучна червона ""Мільвус"""
http://semena.in.ua/catalog/?SECTION_ID=548&ELEMENT_ID=3112,"Конюшинп біла ""Рівендел"""
http://semena.in.ua/catalog/?SECTION_ID=548&ELEMENT_ID=2578,Мільвус
http://semena.in.ua/catalog/?SECTION_ID=547&ELEMENT_ID=2684,EG 140
http://semena.in.ua/catalog/?SECTION_ID=547&ELEMENT_ID=2685,EG 150
http://semena.in.ua/catalog/?SECTION_ID=547&ELEMENT_ID=2394,Лізуна
http://semena.in.ua/catalog/?SECTION_ID=547&ELEMENT_ID=2683,EG 130
http://semena.in.ua/catalog/?SECTION_ID=549&ELEMENT_ID=2686,EG 420 Спортивний
http://semena.in.ua/catalog/?SECTION_ID=549&ELEMENT_ID=2393,Ліберо
http://semena.in.ua/catalog/?SECTION_ID=550&ELEMENT_ID=2688,EG 320
http://semena.in.ua/catalog/?SECTION_ID=548&ELEMENT_ID=2577,Ліфлекс
http://semena.in.ua/catalog/?SECTION_ID=549&ELEMENT_ID=2687,EG 440 Спортивний
http://semena.in.ua/catalog/?SECTION_ID=555&ELEMENT_ID=2947,Етма F1
http://semena.in.ua/catalog/?SECTION_ID=550&ELEMENT_ID=2396,Ліомбра
http://semena.in.ua/catalog/?SECTION_ID=555&ELEMENT_ID=2319,Парел F1
http://semena.in.ua/catalog/?SECTION_ID=555&ELEMENT_ID=2782,Кевін F1
http://semena.in.ua/catalog/?SECTION_ID=556&ELEMENT_ID=2870,Мегатон F1
http://semena.in.ua/catalog/?SECTION_ID=556&ELEMENT_ID=2832,Гігант F1
http://semena.in.ua/catalog/?SECTION_ID=556&ELEMENT_ID=2833,Кубок F1
http://semena.in.ua/catalog/?SECTION_ID=556&ELEMENT_ID=2831,Бригадир F1
http://semena.in.ua/catalog/?SECTION_ID=556&ELEMENT_ID=2784,Куізор F1
http://semena.in.ua/catalog/?SECTION_ID=556&ELEMENT_ID=2320,Селма F1
http://semena.in.ua/catalog/?SECTION_ID=556&ELEMENT_ID=2410,Копенгаген маркет  
http://semena.in.ua/catalog/?SECTION_ID=556&ELEMENT_ID=2318,Мегатон F1
http://semena.in.ua/catalog/?SECTION_ID=557&ELEMENT_ID=3034,Адаптор F1
http://semena.in.ua/catalog/?SECTION_ID=557&ELEMENT_ID=3029,Атрія F1
http://semena.in.ua/catalog/?SECTION_ID=557&ELEMENT_ID=2869,Агресор F1
http://semena.in.ua/catalog/?SECTION_ID=557&ELEMENT_ID=2830,Новатор F1
http://semena.in.ua/catalog/?SECTION_ID=557&ELEMENT_ID=3030,Ердено F1
http://semena.in.ua/catalog/?SECTION_ID=557&ELEMENT_ID=2325,Рексома F1
http://semena.in.ua/catalog/?SECTION_ID=557&ELEMENT_ID=2321,Cкіф F1
http://semena.in.ua/catalog/?SECTION_ID=557&ELEMENT_ID=2315,Анкома F1
http://semena.in.ua/catalog/?SECTION_ID=557&ELEMENT_ID=2317,Леннокс F1
http://semena.in.ua/catalog/?SECTION_ID=557&ELEMENT_ID=2314,Амтрак F1
http://semena.in.ua/catalog/?SECTION_ID=558&ELEMENT_ID=3035,Монако F1
http://semena.in.ua/catalog/?SECTION_ID=558&ELEMENT_ID=2868,Бомонт F1
http://semena.in.ua/catalog/?SECTION_ID=558&ELEMENT_ID=2322,Агассі F1
http://semena.in.ua/catalog/?SECTION_ID=559&ELEMENT_ID=3036,Абакус F1
http://semena.in.ua/catalog/?SECTION_ID=559&ELEMENT_ID=2834,Франклін F1
http://semena.in.ua/catalog/?SECTION_ID=558&ELEMENT_ID=2323,Фієста F1
http://semena.in.ua/catalog/?SECTION_ID=599&ELEMENT_ID=3027,Опал
http://semena.in.ua/catalog/?SECTION_ID=599&ELEMENT_ID=3026,Міньйон F1
http://semena.in.ua/catalog/?SECTION_ID=599&ELEMENT_ID=3028,Сноу Бол
http://semena.in.ua/catalog/?SECTION_ID=599&ELEMENT_ID=3025,Матін F1
http://semena.in.ua/catalog/?SECTION_ID=599&ELEMENT_ID=3024,Лівінгстон F1 
http://semena.in.ua/catalog/?SECTION_ID=599&ELEMENT_ID=3022,Кортес F1
http://semena.in.ua/catalog/?SECTION_ID=599&ELEMENT_ID=3023,Крісталіна F1
http://semena.in.ua/catalog/?SECTION_ID=599&ELEMENT_ID=3019,Гудмен
http://semena.in.ua/catalog/?SECTION_ID=599&ELEMENT_ID=3021,Каспер F1
http://semena.in.ua/catalog/?SECTION_ID=570&ELEMENT_ID=2973,Вербена Тускані
http://semena.in.ua/catalog/?SECTION_ID=561&ELEMENT_ID=3186,Саммер Хайленд F1
http://semena.in.ua/catalog/?SECTION_ID=561&ELEMENT_ID=3185,Вілі F1
http://semena.in.ua/catalog/?SECTION_ID=561&ELEMENT_ID=2787,Супрін F1
http://semena.in.ua/catalog/?SECTION_ID=561&ELEMENT_ID=2326,Маноко F1
http://semena.in.ua/catalog/?SECTION_ID=546&ELEMENT_ID=2395,Ліліпут
http://semena.in.ua/catalog/?SECTION_ID=562&ELEMENT_ID=2327,Віроса F1
http://semena.in.ua/catalog/?SECTION_ID=546&ELEMENT_ID=2682,EG 250 Декоративний
http://semena.in.ua/catalog/?SECTION_ID=560&ELEMENT_ID=3032,Рексома F1
http://semena.in.ua/catalog/?SECTION_ID=560&ELEMENT_ID=2324,Ауторо F1
http://semena.in.ua/catalog/?SECTION_ID=523&ELEMENT_ID=2666,Добриво для картоплі
http://semena.in.ua/catalog/?SECTION_ID=523&ELEMENT_ID=2669,Добриво для томатів та інших пасльонових культур
http://semena.in.ua/catalog/?SECTION_ID=523&ELEMENT_ID=2735,Добриво для троянд
http://semena.in.ua/catalog/?SECTION_ID=523&ELEMENT_ID=2672,Добриво для розсади + біо стимулятор кореневої системи
http://semena.in.ua/catalog/?SECTION_ID=523&ELEMENT_ID=2668,"Добриво для огірків, кабачків та баштанових культур"
http://semena.in.ua/catalog/?SECTION_ID=523&ELEMENT_ID=2674,"Універсальне, водорозчинне добриво"
http://semena.in.ua/catalog/?SECTION_ID=523&ELEMENT_ID=2734,Добриво для альпійських горок та декоративних дерев
http://semena.in.ua/catalog/?SECTION_ID=523&ELEMENT_ID=2733,Добриво Анти стресс для овочевих та фруктових культур
http://semena.in.ua/catalog/?SECTION_ID=523&ELEMENT_ID=2673,Добриво овочі без нітратів
http://semena.in.ua/catalog/?SECTION_ID=523&ELEMENT_ID=2670,Добриво для ягід
http://semena.in.ua/catalog/?SECTION_ID=523&ELEMENT_ID=2671,Коктейль мікроелементів
http://semena.in.ua/catalog/?SECTION_ID=523&ELEMENT_ID=2665,Добриво для вічнозелених
http://semena.in.ua/catalog/?SECTION_ID=455&ELEMENT_ID=2231,Едельвейс   альпійський
http://semena.in.ua/catalog/?SECTION_ID=455&ELEMENT_ID=2232,Енотера міссурійська
http://semena.in.ua/catalog/?SECTION_ID=455&ELEMENT_ID=2233,Канна індійська великоквіткова
http://semena.in.ua/catalog/?SECTION_ID=455&ELEMENT_ID=2221,"Альстремерія ""Перуанська красуня"""
http://semena.in.ua/catalog/?SECTION_ID=455&ELEMENT_ID=2234,Кніфофія гібридна «Індіана»
http://semena.in.ua/catalog/?SECTION_ID=455&ELEMENT_ID=2230,Дзвоники карпатські «Ізабель»
http://semena.in.ua/catalog/?SECTION_ID=523&SHOWALL_2=0,Добрива
http://semena.in.ua/catalog/?SECTION_ID=455&ELEMENT_ID=2220,Аквілегія сяйво махрова суміш
http://semena.in.ua/catalog/?SECTION_ID=455&ELEMENT_ID=2228,Дельфініум багаторічний «Король Артур»
http://semena.in.ua/catalog/?SECTION_ID=455&ELEMENT_ID=2229,Дельфініум багаторічний суміш «Пасіфік гігант»
http://semena.in.ua/catalog/?SECTION_ID=455&ELEMENT_ID=2227,"Дельфініум багаторічний «Батерфляй», суміш"
http://semena.in.ua/catalog/?SECTION_ID=455&ELEMENT_ID=2226,"Гвоздика периста «Соната», суміш"
http://semena.in.ua/catalog/?SECTION_ID=455&ELEMENT_ID=2225,Бурачок «Гірське золото»
http://semena.in.ua/catalog/?SECTION_ID=455&ELEMENT_ID=2224,Асклепіас туберозовий
http://semena.in.ua/catalog/?SECTION_ID=455&ELEMENT_ID=2223,Арункус «Натхнення»
http://semena.in.ua/catalog/?SECTION_ID=455&ELEMENT_ID=2222,Арабіс кавказький «Шнеехаубе»
http://semena.in.ua/catalog/?SECTION_ID=455&SHOWALL_2=0,Багаторічники
http://semena.in.ua/catalog/?SECTION_ID=457&ELEMENT_ID=2271,Банан кімнатний
http://semena.in.ua/catalog/?SECTION_ID=457&ELEMENT_ID=2276,"Кактус кімнатний, суміш"
http://semena.in.ua/catalog/?SECTION_ID=457&ELEMENT_ID=2273,Бегонія махрова коралова
http://semena.in.ua/catalog/?SECTION_ID=457&ELEMENT_ID=2274,"Гербера Джеймсона, суміш"
http://semena.in.ua/catalog/?SECTION_ID=457&ELEMENT_ID=2269,"Абутілон (Кімнатний клен), суміш"
http://semena.in.ua/catalog/?SECTION_ID=457&ELEMENT_ID=2277,"Кальцеолярія гібридна, суміш «Чарівниця»"
http://semena.in.ua/catalog/?SECTION_ID=457&ELEMENT_ID=2270,Аспарагус Шпренгера
http://semena.in.ua/catalog/?SECTION_ID=457&ELEMENT_ID=2272,Банан оксамитовий
http://semena.in.ua/catalog/?SECTION_ID=457&ELEMENT_ID=2275,Жакаранда мімозолистна
http://semena.in.ua/catalog/?SECTION_ID=457&SHOWALL_2=0,Кімнатні
http://semena.in.ua/catalog/?SECTION_ID=464&ELEMENT_ID=2869,Агресор F1
http://semena.in.ua/catalog/?SECTION_ID=464&ELEMENT_ID=3030,Ердено F1
http://semena.in.ua/catalog/?SECTION_ID=464&ELEMENT_ID=2947,Етма F1
http://semena.in.ua/catalog/?SECTION_ID=464&ELEMENT_ID=2314,Амтрак F1
http://semena.in.ua/catalog/?SECTION_ID=464&ELEMENT_ID=2319,Парел F1
http://semena.in.ua/catalog/?SECTION_ID=464&ELEMENT_ID=3035,Монако F1
http://semena.in.ua/catalog/?SECTION_ID=464&ELEMENT_ID=3029,Атрія F1
http://semena.in.ua/catalog/?SECTION_ID=464&ELEMENT_ID=2315,Анкома F1
http://semena.in.ua/catalog/?SECTION_ID=464&ELEMENT_ID=3036,Абакус F1
http://semena.in.ua/catalog/?SECTION_ID=464&ELEMENT_ID=2317,Леннокс F1
http://semena.in.ua/catalog/?SECTION_ID=464&ELEMENT_ID=3021,Каспер F1
http://semena.in.ua/catalog/?SECTION_ID=464&ELEMENT_ID=2782,Кевін F1
http://semena.in.ua/catalog/?SECTION_ID=464&ELEMENT_ID=2831,Бригадир F1
http://semena.in.ua/catalog/?SECTION_ID=464&ELEMENT_ID=2321,Cкіф F1
http://semena.in.ua/catalog/?SECTION_ID=464&ELEMENT_ID=3026,Міньйон F1
http://semena.in.ua/catalog/?SECTION_ID=464&ELEMENT_ID=2868,Бомонт F1
http://semena.in.ua/catalog/?SECTION_ID=464&ELEMENT_ID=3028,Сноу Бол
http://semena.in.ua/catalog/?SECTION_ID=464&ELEMENT_ID=3023,Крісталіна F1
http://semena.in.ua/catalog/?SECTION_ID=464&ELEMENT_ID=2322,Агассі F1
http://semena.in.ua/catalog/?SECTION_ID=464&ELEMENT_ID=2870,Мегатон F1
http://semena.in.ua/catalog/?SECTION_ID=464&ELEMENT_ID=2323,Фієста F1
http://semena.in.ua/catalog/?SECTION_ID=464&ELEMENT_ID=3025,Матін F1
http://semena.in.ua/catalog/?SECTION_ID=464&ELEMENT_ID=3034,Адаптор F1
http://semena.in.ua/catalog/?SECTION_ID=464&ELEMENT_ID=2830,Новатор F1
http://semena.in.ua/catalog/?SECTION_ID=464&ELEMENT_ID=3022,Кортес F1
http://semena.in.ua/catalog/?SECTION_ID=464&ELEMENT_ID=2834,Франклін F1
http://semena.in.ua/catalog/?SECTION_ID=464&ELEMENT_ID=2410,Копенгаген маркет  
http://semena.in.ua/catalog/?SECTION_ID=464&ELEMENT_ID=3032,Рексома F1
http://semena.in.ua/catalog/?SECTION_ID=464&ELEMENT_ID=3024,Лівінгстон F1 
http://semena.in.ua/catalog/?SECTION_ID=464&ELEMENT_ID=2326,Маноко F1
http://semena.in.ua/catalog/?SECTION_ID=497&ELEMENT_ID=2456,"Бальзамін садовий «Хлопчик – мізинчик», суміш"
http://semena.in.ua/catalog/?SECTION_ID=497&ELEMENT_ID=2545,Целозія гребінчаста «Піжон»
http://semena.in.ua/catalog/?SECTION_ID=497&ELEMENT_ID=2585,"Петунія махрова ""Лідер"""
http://semena.in.ua/catalog/?SECTION_ID=497&ELEMENT_ID=2550,Ешольція махрова суміш «Балерина»
http://semena.in.ua/catalog/?SECTION_ID=497&ELEMENT_ID=2952,Статиця виїмчаста Айсберг
http://semena.in.ua/catalog/?SECTION_ID=497&ELEMENT_ID=3097,"Родохітон ""Родос"""
http://semena.in.ua/catalog/?SECTION_ID=497&ELEMENT_ID=2485,Іпомея пурпурова
http://semena.in.ua/catalog/?SECTION_ID=497&ELEMENT_ID=3080,Газанія низькоросла блискуча суміш
http://semena.in.ua/catalog/?SECTION_ID=497&ELEMENT_ID=2479,Годеція великоквіткова «Медовий місяць»
http://semena.in.ua/catalog/?SECTION_ID=497&ELEMENT_ID=3082,Діхондра Срібний водоспад
http://semena.in.ua/catalog/?SECTION_ID=497&ELEMENT_ID=2541,"Сальвія блискуча ""Аморе"" пурпурна"
http://semena.in.ua/catalog/?SECTION_ID=497&ELEMENT_ID=2462,"Чорнобривці «Малюк», оранжеві"
http://semena.in.ua/catalog/?SECTION_ID=497&ELEMENT_ID=3088,Петунія махрова  Глорія  F1  суміш 
http://semena.in.ua/catalog/?SECTION_ID=497&ELEMENT_ID=2584,"Петунія Ламабада ""Полум′яний ранок"""
http://semena.in.ua/catalog/?SECTION_ID=497&ELEMENT_ID=3087,"Молюцелла ""Ірландські дзвіночки"""
http://semena.in.ua/catalog/?SECTION_ID=497&ELEMENT_ID=2495,"Кларкія вишукана,  суміш"
http://semena.in.ua/catalog/?SECTION_ID=497&ELEMENT_ID=2514,Мірабіліс  Нічна красуня  суміш
http://semena.in.ua/catalog/?SECTION_ID=497&ELEMENT_ID=2478,Годеція великоквіткова «Королівська суміш»
http://semena.in.ua/catalog/?SECTION_ID=497&ELEMENT_ID=2536,Соняшник махровий «Ведмежатко»
http://semena.in.ua/catalog/?SECTION_ID=497&ELEMENT_ID=2473,Гвоздика китайська Діана суміш
http://semena.in.ua/catalog/?SECTION_ID=497&ELEMENT_ID=3098,Фізаліс
http://semena.in.ua/catalog/?SECTION_ID=497&ELEMENT_ID=3095,"Петунія великоквіткова ""Софістика"" F1 блекберрі"
http://semena.in.ua/catalog/?SECTION_ID=497&ELEMENT_ID=3096,Петунія  Софістика  F1 Лайм Грін
http://semena.in.ua/catalog/?SECTION_ID=497&ELEMENT_ID=3094,"Петунія каскадна ""Рамблін"" F1, суміш"
http://semena.in.ua/catalog/?SECTION_ID=497&ELEMENT_ID=3093,Петунія каскадна Самба  Ф1  суміш
http://semena.in.ua/catalog/?SECTION_ID=497&ELEMENT_ID=3092,Петунія  Мамбо  F1  червона
http://semena.in.ua/catalog/?SECTION_ID=497&ELEMENT_ID=3090,Петунія  Танго  Ф1  червона
http://semena.in.ua/catalog/?SECTION_ID=497&ELEMENT_ID=3091,"Петунія ""Ламбада"" F1, лососева з прожилками "
http://semena.in.ua/catalog/?SECTION_ID=497&ELEMENT_ID=3089,"Петунія ""Лімбо"" F1"
http://semena.in.ua/catalog/?SECTION_ID=497&ELEMENT_ID=3086,"Ротики садові ""Каліфорнія"", суміш"
http://semena.in.ua/catalog/?SECTION_ID=497&ELEMENT_ID=3084,"Квамоклід лопатевий ""Іспанка"""
http://semena.in.ua/catalog/?SECTION_ID=497&ELEMENT_ID=3083,Полуничний шпінат
http://semena.in.ua/catalog/?SECTION_ID=497&ELEMENT_ID=3081,"Георгіна ""Фреска"" F1, суміш"
http://semena.in.ua/catalog/?SECTION_ID=497&ELEMENT_ID=3079,Газанія  Сонячне світло  суміш
http://semena.in.ua/catalog/?SECTION_ID=497&ELEMENT_ID=3077,Чорнобривці  Медові соти 
http://semena.in.ua/catalog/?SECTION_ID=497&ELEMENT_ID=3076,Чорнобривці  Кармен
http://semena.in.ua/catalog/?SECTION_ID=497&ELEMENT_ID=3075,Чорнобривці  Антігуа  F1  суміш
http://semena.in.ua/catalog/?SECTION_ID=497&ELEMENT_ID=3078,"Брахікома ""Голубий вогник"""
http://semena.in.ua/catalog/?SECTION_ID=497&ELEMENT_ID=3051,"Лобулярія ""Королівський килим"""
http://semena.in.ua/catalog/?SECTION_ID=497&ELEMENT_ID=2591,"Турбергія крилата ""Сюзана"""
http://semena.in.ua/catalog/?SECTION_ID=497&ELEMENT_ID=2590,"Суміш ""Рожевий ранок"""
http://semena.in.ua/catalog/?SECTION_ID=497&ELEMENT_ID=2589,"Суміш ""Палаючий обрій"""
http://semena.in.ua/catalog/?SECTION_ID=497&ELEMENT_ID=2588,"Суміш ""Смарагдова хвиля"""
http://semena.in.ua/catalog/?SECTION_ID=497&ELEMENT_ID=2587,"Суміш ""Блакитна мрія"""
http://semena.in.ua/catalog/?SECTION_ID=497&ELEMENT_ID=2549,"Цинія елегантна, суміш"
http://semena.in.ua/catalog/?SECTION_ID=497&ELEMENT_ID=2547,"Цинія елегантна голчаста «Кактус», суміш"
http://semena.in.ua/catalog/?SECTION_ID=497&ELEMENT_ID=2546,Целозія «Пампаське перо»
http://semena.in.ua/catalog/?SECTION_ID=497&ELEMENT_ID=2548,"Цинія елегантна «Пепермінт стік», суміш"
http://semena.in.ua/catalog/?SECTION_ID=497&ELEMENT_ID=2544,"Флокс друммоді «Вогник», суміш"
http://semena.in.ua/catalog/?SECTION_ID=497&ELEMENT_ID=2543,"Флокс друммоді «Виблискуюча краса», суміш"
http://semena.in.ua/catalog/?SECTION_ID=497&ELEMENT_ID=2542,"Сальвія «Фарао»,  суміш"
http://semena.in.ua/catalog/?SECTION_ID=497&ELEMENT_ID=2540,Сальвія «Піколо»
http://semena.in.ua/catalog/?SECTION_ID=497&ELEMENT_ID=2539,Портулак  Чарівна казка суміш
http://semena.in.ua/catalog/?SECTION_ID=497&ELEMENT_ID=2538,Соняшник однорічний «Пакіто Колорадо»
http://semena.in.ua/catalog/?SECTION_ID=497&ELEMENT_ID=2537,Соняшник однорічний «Осіннє сяйво»
http://semena.in.ua/catalog/?SECTION_ID=497&ELEMENT_ID=2535,Петунія багатоквіткова «Стеларіс»
http://semena.in.ua/catalog/?SECTION_ID=497&ELEMENT_ID=2534,"Петунія багатоквіткова серія «Мамбо» F1, фіолетова"
http://semena.in.ua/catalog/?SECTION_ID=497&ELEMENT_ID=2532,"Петунія великоквіткова серія «Танго» F1, фіолетова"
http://semena.in.ua/catalog/?SECTION_ID=497&ELEMENT_ID=2531,"Петунія великоквіткова серія «Танго» F1, «Червона зірка»"
http://semena.in.ua/catalog/?SECTION_ID=497&ELEMENT_ID=2529,"Петунія великоквіткова серія «Лімбо» F1, пурпурна"
http://semena.in.ua/catalog/?SECTION_ID=497&ELEMENT_ID=2530,"Петунія великоквіткова серія «Лімбо» F1, суміш"
http://semena.in.ua/catalog/?SECTION_ID=497&ELEMENT_ID=2528,Петунія карликова багатоквіткова «Зорепад»
http://semena.in.ua/catalog/?SECTION_ID=497&ELEMENT_ID=2522,Петунія великоквіткова махрова «Лідер»
http://semena.in.ua/catalog/?SECTION_ID=497&ELEMENT_ID=2521,Петунія ампельна Балкон суміш
http://semena.in.ua/catalog/?SECTION_ID=497&ELEMENT_ID=2520,Петунія багатоквіткова «Алдерман»
http://semena.in.ua/catalog/?SECTION_ID=497&ELEMENT_ID=2519,Петунія багатоквіткова «Снігова куля»
http://semena.in.ua/catalog/?SECTION_ID=497&ELEMENT_ID=2518,Петунія багатоквіткова «Вогняний король»
http://semena.in.ua/catalog/?SECTION_ID=497&ELEMENT_ID=2523,Петунія великоквіткова «Супербіссіма»
http://semena.in.ua/catalog/?SECTION_ID=497&ELEMENT_ID=2486,Іпомея  Скарлет О’Хара 
http://semena.in.ua/catalog/?SECTION_ID=497&ELEMENT_ID=2484,Дельфініум «Сідней» рожевий
http://semena.in.ua/catalog/?SECTION_ID=497&ELEMENT_ID=2482,"Дельфіній «Сідней», білий"
http://semena.in.ua/catalog/?SECTION_ID=497&ELEMENT_ID=2481,Датура «Трубадур»
http://semena.in.ua/catalog/?SECTION_ID=497&ELEMENT_ID=2483,"Дельфіній «Сідней», кораловий"
http://semena.in.ua/catalog/?SECTION_ID=497&ELEMENT_ID=2480,Гомфрена «Полуничне поле»
http://semena.in.ua/catalog/?SECTION_ID=497&ELEMENT_ID=2477,Жоржина Помпон  суміш
http://semena.in.ua/catalog/?SECTION_ID=497&ELEMENT_ID=2476,Жоржина  Міньйон  суміш
http://semena.in.ua/catalog/?SECTION_ID=497&ELEMENT_ID=2475,"Безсмертник приквітниковий «Султан», суміш"
http://semena.in.ua/catalog/?SECTION_ID=497&ELEMENT_ID=2474,Геліотроп «Морський карлик»
http://semena.in.ua/catalog/?SECTION_ID=497&ELEMENT_ID=2472,Гайлардія двокольорова «Сонячний танок»
http://semena.in.ua/catalog/?SECTION_ID=497&ELEMENT_ID=2471,Вербена великоквіткова червона
http://semena.in.ua/catalog/?SECTION_ID=497&ELEMENT_ID=2470,Вербена великоквіткова рожева
http://semena.in.ua/catalog/?SECTION_ID=497&ELEMENT_ID=2469,Вербена великоквіткова  Ідеальна суміш
http://semena.in.ua/catalog/?SECTION_ID=497&ELEMENT_ID=2467,Волошка «Чарівна суміш»
http://semena.in.ua/catalog/?SECTION_ID=497&ELEMENT_ID=2468,Вербена великоквіткова абрикосова
http://semena.in.ua/catalog/?SECTION_ID=497&ELEMENT_ID=2465,"Чорнобривці африканські  «Еквінокс», оранжеві"
http://semena.in.ua/catalog/?SECTION_ID=497&ELEMENT_ID=2464,"Чорнобривці африканські  «Еквінокс», лимонні"
http://semena.in.ua/catalog/?SECTION_ID=497&ELEMENT_ID=2463,Чорнобривці «Тигрові очі»
http://semena.in.ua/catalog/?SECTION_ID=497&ELEMENT_ID=2466,Чорнобривці «Ескімо»
http://semena.in.ua/catalog/?SECTION_ID=497&ELEMENT_ID=2461,"Чорнобривці «Малюк», лимонні"
http://semena.in.ua/catalog/?SECTION_ID=497&ELEMENT_ID=2460,"Чорнобривці африканські  «Полюкс», суміш"
http://semena.in.ua/catalog/?SECTION_ID=497&ELEMENT_ID=2459,"Чорнобривці африканські  «Купідон», суміш"
http://semena.in.ua/catalog/?SECTION_ID=497&ELEMENT_ID=2458,Чорнобривці «Кіліманджаро»
http://semena.in.ua/catalog/?SECTION_ID=497&ELEMENT_ID=2517,Петунія гібридна карликова багатоквіткова «Небесна троянда»
http://semena.in.ua/catalog/?SECTION_ID=497&ELEMENT_ID=2516,Настурція велика махрова суміш «Везувій»
http://semena.in.ua/catalog/?SECTION_ID=497&ELEMENT_ID=2457,Бальзамін суміш «Сафарі»
http://semena.in.ua/catalog/?SECTION_ID=497&ELEMENT_ID=2515,Настурція великоквіткова «Коштовність»
http://semena.in.ua/catalog/?SECTION_ID=497&ELEMENT_ID=2513,Мімулюс гібридний суміш «Туінкл мікст»
http://semena.in.ua/catalog/?SECTION_ID=497&ELEMENT_ID=2512,Матіола махрова «Десять тижнів»
http://semena.in.ua/catalog/?SECTION_ID=497&ELEMENT_ID=2511,Матіола махрова фіолетова
http://semena.in.ua/catalog/?SECTION_ID=497&ELEMENT_ID=2509,Левкой ексельсіор темно-червоний
http://semena.in.ua/catalog/?SECTION_ID=497&ELEMENT_ID=2510,Матіола махрова темно-рожева
http://semena.in.ua/catalog/?SECTION_ID=497&ELEMENT_ID=2508,Мак махровий Хмаринка суміш
http://semena.in.ua/catalog/?SECTION_ID=497&ELEMENT_ID=2507,Левовий зів суміш «Веселка»
http://semena.in.ua/catalog/?SECTION_ID=497&ELEMENT_ID=2506,Лобелія  Кришталевий палац 
http://semena.in.ua/catalog/?SECTION_ID=497&ELEMENT_ID=2505,Лобелія «Каскад»
http://semena.in.ua/catalog/?SECTION_ID=497&ELEMENT_ID=2504,Льон великоквітковий «Чарівник»
http://semena.in.ua/catalog/?SECTION_ID=497&ELEMENT_ID=2503,Лаватера Срібний келих суміш
http://semena.in.ua/catalog/?SECTION_ID=497&ELEMENT_ID=2502,Ксерантемум однорічний суміш
http://semena.in.ua/catalog/?SECTION_ID=497&ELEMENT_ID=2501,Краспедія
http://semena.in.ua/catalog/?SECTION_ID=497&ELEMENT_ID=2500,Кохія кипарисова
http://semena.in.ua/catalog/?SECTION_ID=497&ELEMENT_ID=2498,Космея «Кароока»
http://semena.in.ua/catalog/?SECTION_ID=497&ELEMENT_ID=2497,Кобея «Кафедральні дзвони»
http://semena.in.ua/catalog/?SECTION_ID=497&ELEMENT_ID=2496,Кобея «Білі вітрила»
http://semena.in.ua/catalog/?SECTION_ID=497&ELEMENT_ID=2499,"Космос махровий «Сенсація», суміш"
http://semena.in.ua/catalog/?SECTION_ID=497&ELEMENT_ID=2494,"Кермек виїмчастий QIS, суміш пастель"
http://semena.in.ua/catalog/?SECTION_ID=497&ELEMENT_ID=2493,Статиця виїмчаста пасифік  суміш
http://semena.in.ua/catalog/?SECTION_ID=497&ELEMENT_ID=2492,"Кермек виїмчастий QIS, золотистий"
http://semena.in.ua/catalog/?SECTION_ID=497&ELEMENT_ID=2491,Статиця виїмчаста синя ріка
http://semena.in.ua/catalog/?SECTION_ID=497&ELEMENT_ID=2488,"Нагідки лікарські махрові, суміш"
http://semena.in.ua/catalog/?SECTION_ID=497&ELEMENT_ID=2489,"Кермек виїмчастий QIS, рожевий"
http://semena.in.ua/catalog/?SECTION_ID=497&ELEMENT_ID=2487,Іпомея «Блакитна зірка»
http://semena.in.ua/catalog/?SECTION_ID=497&ELEMENT_ID=2452,Агератум «Рожева куля»
http://semena.in.ua/catalog/?SECTION_ID=497&ELEMENT_ID=2450,Агератум «Леда»
http://semena.in.ua/catalog/?SECTION_ID=497&ELEMENT_ID=2455,Бальзамін серія «Баланс» містична суміш
http://semena.in.ua/catalog/?SECTION_ID=497&SHOWALL_2=0,Однорічники
http://semena.in.ua/catalog/?SECTION_ID=497&ELEMENT_ID=2449,Агератум  Блакитне хутро
http://semena.in.ua/catalog/?SECTION_ID=468&ELEMENT_ID=2527,Маринда F1
http://semena.in.ua/catalog/?SECTION_ID=468&ELEMENT_ID=2525,Караоке F1
http://semena.in.ua/catalog/?SECTION_ID=468&ELEMENT_ID=2356,Компоніст F1
http://semena.in.ua/catalog/?SECTION_ID=468&ELEMENT_ID=2352,Роял F1
http://semena.in.ua/catalog/?SECTION_ID=468&ELEMENT_ID=2351,Соната F1
http://semena.in.ua/catalog/?SECTION_ID=468&ELEMENT_ID=2350,Регал F1
http://semena.in.ua/catalog/?SECTION_ID=468&ELEMENT_ID=2348,Аякс F1
http://semena.in.ua/catalog/?SECTION_ID=468&ELEMENT_ID=2346,Астерікс F1
http://semena.in.ua/catalog/?SECTION_ID=468&ELEMENT_ID=2344,Акорд F1
http://semena.in.ua/catalog/?SECTION_ID=468&ELEMENT_ID=2345,Альянс F1
http://semena.in.ua/catalog/?SECTION_ID=468&SHOWALL_2=0,Огiрки
http://semena.in.ua/catalog/?SECTION_ID=462&ELEMENT_ID=2302,"Селера коренева ""Діамант"""
http://semena.in.ua/catalog/?SECTION_ID=462&ELEMENT_ID=2298,"Коренева петрушка ""Ігл"""
http://semena.in.ua/catalog/?SECTION_ID=462&ELEMENT_ID=2300,Розмарин
http://semena.in.ua/catalog/?SECTION_ID=462&ELEMENT_ID=2297,М'ята перцева  Спермінт
http://semena.in.ua/catalog/?SECTION_ID=462&ELEMENT_ID=2296,Меліса Лимонний бальзам
http://semena.in.ua/catalog/?SECTION_ID=462&ELEMENT_ID=2306,Фенхель
http://semena.in.ua/catalog/?SECTION_ID=462&ELEMENT_ID=2299,"Селера коренева""Президент"""
http://semena.in.ua/catalog/?SECTION_ID=462&ELEMENT_ID=2295,Лаванда
http://semena.in.ua/catalog/?SECTION_ID=462&ELEMENT_ID=2294,Коріандр
http://semena.in.ua/catalog/?SECTION_ID=462&ELEMENT_ID=2293,Петрушка Каліто
http://semena.in.ua/catalog/?SECTION_ID=462&ELEMENT_ID=2292,Гірчиця
http://semena.in.ua/catalog/?SECTION_ID=462&ELEMENT_ID=2291,"Петрушка ""Гігант де Італія"""
http://semena.in.ua/catalog/?SECTION_ID=462&ELEMENT_ID=2289,Базилік зелений
http://semena.in.ua/catalog/?SECTION_ID=462&ELEMENT_ID=2290,Валеріана лікарська
http://semena.in.ua/catalog/?SECTION_ID=462&ELEMENT_ID=2288,"Базилік  фіолетовий "" Темний опал"""
http://semena.in.ua/novaflore/gnomiki_30m2/tsvetochnaya_polyana_gnomiki_sensatsiya_200gr_30kv_m.html,"Цветочная поляна ""Гномики - Сенсация"", 200гр, 30кв.м., Нова-Флор, Франция"
http://semena.in.ua/catalog/?SECTION_ID=462&SHOWALL_2=0,Пряні та зелені
http://semena.in.ua/novaflore/100m2/tsvetochnaya_polyana_gnomiki_mnogoletnie_500gr_100kv_m.html,"Цветочная поляна ""Гномики - Многолетние"", 500гр, 100кв.м., Нова-Флор, Франция"
http://semena.in.ua/novaflore/druzya_sada_100m2/tsvetochnaya_polyana_druzya_sada_pchely_500gr_100kv_m.html,"Цветочная поляна ""Друзья сада - Пчелы"", 500гр, 100кв.м., Нова-Флор, Франция"
http://semena.in.ua/novaflore/7m2/tsvetochnaya_polyana_gnomiki_raznotsvetnyy_60gr_7kv.html,"Цветочная поляна ""Гномики - Разноцветный"", 60гр, 7кв.м., Нова-Флор, Франция"
http://semena.in.ua/novaflore/7m2/tsvetochnaya_polyana_gnomiki_sverkhkorotkiy_60gr_7kv_m.html,"Цветочная поляна ""Гномики - Сверхкороткий"", 60гр, 7кв.м., Нова-Флор, Франция"
http://semena.in.ua/novaflore/druzya_sada_30m2/tsvetochnaya_polyana_druzya_sada_babochki_200gr_30kv.html,"Цветочная поляна ""Друзья сада - Бабочки"", 200гр, 30кв.м., Нова-Флор, Франция"
http://semena.in.ua/novaflore/druzya_sada_30m2/tsvetochnaya_polyana_druzya_sada_pchely_200gr_30kv_m.html,"Цветочная поляна ""Друзья сада - Пчелы"", 200гр, 30кв.м., Нова-Флор, Франция"
http://semena.in.ua/novaflore/letnie_tsvety_30m2/tsvetochnaya_polyana_letnie_tsvety_bogeme_200gr_30kv_m.html,"Цветочная поляна ""Летние цветы - Богеме"", 200гр, 30кв.м., Нова-Флор, Франция"
http://semena.in.ua/novaflore/letnie_tsvety_7m2/tsvetochnaya_polyana_letnie_tsvety_elegans_60gr_7kv_m.html,"Цветочная поляна ""Летние цветы - Елеганс"", 60гр, 7кв.м., Нова-Флор, Франция"
http://semena.in.ua/novaflore/letnie_tsvety_7m2/tsvetochnaya_polyana_letnie_tsvety_delikeyts_60gr_7kv_m.html,"Цветочная поляна ""Летние цветы - Деликейтс"", 60гр, 7кв.м., Нова-Флор, Франция"
http://semena.in.ua/novaflore/osobennye_pochvy_7m2/tsvetochnaya_polyana_osobennye_pochvy_dikie_tsvety_60gr_7kv.html,"Цветочная поляна ""Особенные почвы - Дикие цветы"", 60гр, 7кв.м., Нова-Флор, Франция"
http://semena.in.ua/catalog/?SECTION_ID=474&ELEMENT_ID=2381,Толстой F1
http://semena.in.ua/catalog/?SECTION_ID=474&ELEMENT_ID=2377,Бетмен F1
http://semena.in.ua/catalog/?SECTION_ID=474&ELEMENT_ID=2389,Торбей F1
http://semena.in.ua/catalog/?SECTION_ID=474&ELEMENT_ID=2380,Тесті F1
http://semena.in.ua/catalog/?SECTION_ID=474&ELEMENT_ID=2378,Дон Хосе F1
http://semena.in.ua/novaflore/druzya_sada_7m2/tsvetochnaya_polyana_druzya_sada_bozhi_korovki_60gr_7kv.html,"Цветочная поляна ""Друзья сада - Божьи коровки"", 60гр, 7кв.м., Нова-Флор, Франция"
http://semena.in.ua/catalog/?SECTION_ID=474&ELEMENT_ID=2379,Кристалл F1
http://semena.in.ua/catalog/?SECTION_ID=474&ELEMENT_ID=2386,Прима F1
http://semena.in.ua/catalog/?SECTION_ID=474&ELEMENT_ID=2387,Ріо-Гранде
http://semena.in.ua/catalog/?SECTION_ID=474&ELEMENT_ID=2382,Беніто F1
http://semena.in.ua/catalog/?SECTION_ID=474&ELEMENT_ID=2388,Річі F1
http://semena.in.ua/novaflore/osobennye_pochvy_30m2/tsvetochnaya_polyana_osobennye_pochvy_sukhaya_pochva_200gr_30kv_m.html,"Цветочная поляна ""Особенные почвы - Сухая почва"", 200гр, 30кв.м., Нова-Флор, Франция"
http://semena.in.ua/novaflore/osobennye_pochvy_30m2/tsvetochnaya_polyana_osobennye_pochvy_lyuboy_vid_pochvy_200gr_30kv_m.html,"Цветочная поляна ""Особенные почвы - Любой вид почвы"", 200гр, 30кв.м., Нова-Флор, Франция"
http://semena.in.ua/catalog/?SECTION_ID=474&ELEMENT_ID=2385,Полбіг F1
http://semena.in.ua/catalog/?SECTION_ID=474&ELEMENT_ID=2384,Муна F1
http://semena.in.ua/catalog/?SECTION_ID=474&ELEMENT_ID=2383,Мінібел F1
http://semena.in.ua/catalog/?SECTION_ID=474&SHOWALL_2=0,Томати
http://semena.in.ua/catalog/?SECTION_ID&ELEMENT_ID=3014,Цвітна капуста
http://semena.in.ua/catalog/?SECTION_ID&ELEMENT_ID=2656,Торбей
http://semena.in.ua/catalog/?SECTION_ID&ELEMENT_ID=2365,Редька зимова дайкон
http://semena.in.ua/catalog/?SECTION_ID&ELEMENT_ID=2556,Побіг F1
http://semena.in.ua/catalog/?SECTION_ID&ELEMENT_ID=2337,Ексібішен
http://semena.in.ua/catalog/?SECTION_ID&ELEMENT_ID=3015,Цвітна
http://semena.in.ua/catalog/?SECTION_ID&ELEMENT_ID=2250,Рудбекія «Глоріоза»
http://semena.in.ua/catalog/?SECTION_ID&ELEMENT_ID=2372,Зепо F1
http://semena.in.ua/catalog/?SECTION_ID&ELEMENT_ID=2249,Прунела великоквіткова суміш «Падога»
http://semena.in.ua/catalog/?SECTION_ID&ELEMENT_ID=2639,Сопран
http://semena.in.ua/catalog/?SECTION_ID&ELEMENT_ID=2371,Детройт
http://semena.in.ua/catalog/?SECTION_ID&ELEMENT_ID=2307,Чабер садовий « Саммер Саворі»
http://semena.in.ua/catalog/?SECTION_ID&ELEMENT_ID=2397,Конюшина біла.
http://semena.in.ua/catalog/?SECTION_ID&ELEMENT_ID=2259,"Гвоздика садова серія Гренадін «Харді – тріумф», суміш"
